Workbook

Sheet 计算模型
A1: 事故源项计算模型
A2: 空间 释放机制 | B2: 产生 | C2: 转移 | D2: 去除
A3: 燃料A(t) | B3: 裂变、活化 | C3: 燃料释放rA(t) | D3: 衰变λA(t)
A4: 一回路B(t) | B4: 燃料释放rA(t) | C4: 一回路释放fB(t) | D4: 衰变λB(t)，过滤，沉积
A5: 舱室/安全壳C(t) | B5: 一回路释放fB(t) | C5: 安全壳释放wC(t) | D5: 衰变λC(t)，过滤，沉积
A6: 环境D(t) | B6: 安全壳释放wC(t) | C6: 无 | D6: 衰变λD(t)
A9: 关键参数说明
A10: 燃料释放率r | B10: 根据燃料温度分布，由扩散计算获得燃料向一回路释放率
A11: 一回路释放率f | B11: 根据一回路破口或开阀泄压、堆芯升温和核素扩散等综合作用计算一回路向安全壳释放率： （1）泄压过程：由泄压比例和时长确定释放率； （2）堆芯升温：压力平衡后，堆芯升温阶段，根据温度提升比例确定释放率； （3）核素扩散：压力平衡后，堆芯不再升温，假设1%核素扩散释放到安全壳。 若破口成功隔离或安全阀关闭，一回路停止释放，释放率为0；若发生大破口或爆破快速泄压，发生瞬时释放。
A12: 舱室/安全壳释放率w | B12: 根据舱室/安全壳名义泄漏率确定安全壳向环境释放率，如100%Vol/d或10%Vol/d；若安全壳发生爆破，与环境连通，释放率取无穷大
A13: 过滤 | B13: 通常不考虑，除非明确净化系统或碘过滤器正常运行，则根据过滤效率确定
A14: 沉积 | B14: 不考虑其他沉积、去除作用
A16: 初值确定
A17: 初值由正常源项确定，包括堆芯总量（燃料）、一回路源项、安全壳源项等，根据一回路破口或开阀确定释放初始时刻，考虑事故后至初始时刻期间的释放作用
A23: 本工程安全壳泄漏率 | B23: 1 | C23: vol/d
A24: 核素扩散 | B24: 0.01

Sheet 正常源项
A1: 核素 | B1: 衰变常数λ | C1: 堆芯总量,bq | D1: 正常 | E1: 倍数 | F1: 正常工况安全壳内剂量 | G1: 正常 | H1: 倍数 | I1: 冷却剂中稳态平衡量,bq | J1: 正常 | K1: 倍数 | L1: 氦净化系统低温吸附器和分子筛上的量 | M1: 正常 | N1: 倍数 | O1: 一回路表面沉积量 | P1: 正常 | Q1: 倍数 | R1: 尘埃过滤器总 | S1: 氧化铜床总
A2: Kr-83m | B2: =VLOOKUP(A2,衰变常数!$A$1:$H$3800,7,FALSE) -> 0.0001052136 | C2: 2.35e+16 | D2: 2.11e+16 | E2: =C2/D2 -> 1.1137441 | G2: 18316616 | H2: =F2/G2 -> 0 | I2: 4250000000 | J2: 5400000000 | K2: =I2/J2 -> 0.78703704 | L2: 179000000 | M2: 227000000 | N2: =L2/M2 -> 0.78854626 | R2: 6026574.4 | S2: 39507825
A3: Kr-85 | B3: =VLOOKUP(A3,衰变常数!$A$1:$H$3800,7,FALSE) -> 2.0420706e-09 | C3: 1.86e+15 | D3: 2.1e+15 | E3: =C3/D3 -> 0.88571429 | G3: 21561996 | H3: =F3/G3 -> 0 | I3: 46200000 | J3: 73000000 | K3: =I3/J3 -> 0.63287671 | L3: 1030000000 | M3: 1630000000 | N3: =L3/M3 -> 0.63190184 | R3: 44071.482 | S3: 293809.79
A4: Kr-85m | B4: =VLOOKUP(A4,衰变常数!$A$1:$H$3800,7,FALSE) -> 4.2977876e-05 | C4: 6.59e+16 | D4: 6.18e+16 | E4: =C4/D4 -> 1.066343 | G4: 1.8871881e+08 | H4: =F4/G4 -> 0 | I4: 17900000000 | J4: 24000000000 | K4: =I4/J4 -> 0.74583333 | L4: 1580000000 | M4: 2110000000 | N4: =L4/M4 -> 0.74881517 | R4: 24396956 | S4: 1.6153121e+08
A5: Kr-87 | B5: =VLOOKUP(A5,衰变常数!$A$1:$H$3800,7,FALSE) -> 0.0001514083 | C5: 1.29e+17 | D5: 1.2e+17 | E5: =C5/D5 -> 1.075 | G5: 60363986 | H5: =F5/G5 -> 0 | I5: 19400000000 | J5: 27000000000 | K5: =I5/J5 -> 0.71851852 | L5: 567000000 | M5: 787000000 | N5: =L5/M5 -> 0.72045743 | R5: 26576418 | S5: 1.7289151e+08
A6: Kr-88 | B6: =VLOOKUP(A6,衰变常数!$A$1:$H$3800,7,FALSE) -> 6.7796086e-05 | C6: 1.88e+17 | D6: 1.75e+17 | E6: =C6/D6 -> 1.0742857 | G6: 2.779469e+08 | H6: =F6/G6 -> 0 | I6: 41500000000 | J6: 55000000000 | K6: =I6/J6 -> 0.75454545 | L6: 2390000000 | M6: 3160000000 | N6: =L6/M6 -> 0.75632911 | R6: 56447944 | S6: 3.7219982e+08
A7: Xe-131m | B7: =VLOOKUP(A7,衰变常数!$A$1:$H$3800,7,FALSE) -> 6.7757912e-07 | C7: 2.5e+15 | D7: 2.9e+15 | E7: =C7/D7 -> 0.86206897 | G7: 3.1178391e+08 | H7: =F7/G7 -> 0 | I7: 939000000 | J7: 1600000000 | K7: =I7/J7 -> 0.586875 | L7: 4820000000 | M7: 8210000000 | N7: =L7/M7 -> 0.58708892 | R7: 1071543.5 | S7: 7142858.7
A8: Xe-133 | B8: =VLOOKUP(A8,衰变常数!$A$1:$H$3800,7,FALSE) -> 1.5301424e-06 | C8: 4.58e+17 | D8: 5.33e+17 | E8: =C8/D8 -> 0.85928705 | G8: 4.3929162e+10 | H8: =F8/G8 -> 0 | I8: 216000000000 | J8: 340000000000 | K8: =I8/J8 -> 0.63529412 | L8: 492000000000 | M8: 775000000000 | N8: =L8/M8 -> 0.63483871 | R8: 2.695684e+08 | S8: 1.7966828e+09
A9: Xe-133m | B9: =VLOOKUP(A9,衰变常数!$A$1:$H$3800,7,FALSE) -> 3.6632588e-06 | C9: 1.32e+16 | D9: 1.43e+16 | E9: =C9/D9 -> 0.92307692 | G9: 8.0893683e+08 | H9: =F9/G9 -> 0 | I9: 6770000000 | J9: 11000000000 | K9: =I9/J9 -> 0.61545455 | L9: 6490000000 | M9: 10600000000 | N9: =L9/M9 -> 0.61226415 | R9: 8535811.7 | S9: 56872188
A10: Xe-135 | B10: =VLOOKUP(A10,衰变常数!$A$1:$H$3800,7,FALSE) -> 2.1065742e-05 | C10: 1.06e+17 | D10: 1.11e+17 | E10: =C10/D10 -> 0.95495495 | G10: 8.0758718e+08 | H10: =F10/G10 -> 0 | I10: 37900000000 | J10: 51000000000 | K10: =I10/J10 -> 0.74313725 | L10: 6490000000 | M10: 8730000000 | N10: =L10/M10 -> 0.74341352 | R10: 69788278 | S10: 4.6367971e+08
A11: I-131 | B11: =VLOOKUP(A11,衰变常数!$A$1:$H$3800,7,FALSE) -> 9.9966812e-07 | C11: 2.27e+17 | D11: 2.73e+17 | E11: =C11/D11 -> 0.83150183 | G11: 17406179 | H11: =F11/G11 -> 0 | I11: 19600000 | J11: 110000000 | K11: =I11/J11 -> 0.17818182 | O11: 435000000000 | P11: 720000000000 | Q11: =O11/P11 -> 0.60416667 | R11: 1.3626085e+09
A12: I-132 | B12: =VLOOKUP(A12,衰变常数!$A$1:$H$3800,7,FALSE) -> 8.389581e-05 | C12: 3.35e+17 | D12: 3.69e+17 | E12: =C12/D12 -> 0.90785908 | G12: 5728564.3 | H12: =F12/G12 -> 0 | I12: 261000000 | J12: 1400000000 | K12: =I12/J12 -> 0.18642857 | O12: 69400000000 | P12: 120000000000 | Q12: =O12/P12 -> 0.57833333 | R12: 2.2016561e+08
A13: I-133 | B13: =VLOOKUP(A13,衰变常数!$A$1:$H$3800,7,FALSE) -> 9.2567732e-06 | C13: 4.55e+17 | D13: 4.56e+17 | E13: =C13/D13 -> 0.99780702 | G13: 18665339 | H13: =F13/G13 -> 0 | I13: 119000000 | J13: 570000000 | K13: =I13/J13 -> 0.20877193 | O13: 286000000000 | P13: 400000000000 | Q13: =O13/P13 -> 0.715 | R13: 9.4134336e+08
A14: I-134 | B14: =VLOOKUP(A14,衰变常数!$A$1:$H$3800,7,FALSE) -> 0.00022004672 | C14: 5.26e+17 | D14: 5.22e+17 | E14: =C14/D14 -> 1.0076628 | G14: 4772870 | H14: =F14/G14 -> 0 | I14: 653000000 | J14: 3000000000 | K14: =I14/J14 -> 0.21766667 | O14: 66500000000 | P14: 95000000000 | Q14: =O14/P14 -> 0.7 | R14: 2.1441551e+08
A15: I-135 | B15: =VLOOKUP(A15,衰变常数!$A$1:$H$3800,7,FALSE) -> 2.9306071e-05 | C15: 3.77e+17 | D15: 3.8e+17 | E15: =C15/D15 -> 0.99210526 | G15: 9768653.5 | H15: =F15/G15 -> 0 | I15: 173000000 | J15: 840000000 | K15: =I15/J15 -> 0.20595238 | O15: 134000000000 | P15: 180000000000 | Q15: =O15/P15 -> 0.74444444 | R15: 4.4155917e+08
A16: Sr-89 | B16: =VLOOKUP(A16,衰变常数!$A$1:$H$3800,7,FALSE) -> 1.587678e-07 | C16: 2.39e+17 | D16: 2.51e+17 | E16: =C16/D16 -> 0.95219124 | G16: 6963.3964 | H16: =F16/G16 -> 0 | I16: 2860 | J16: 26000 | K16: =I16/J16 -> 0.11 | O16: 5990000000 | P16: 21000000000 | Q16: =O16/P16 -> 0.2852381 | R16: 930899.2
A17: Sr-90 | B17: =VLOOKUP(A17,衰变常数!$A$1:$H$3800,7,FALSE) -> 7.6292146e-10 | C17: 1.12e+16 | D17: 1.25e+16 | E17: =C17/D17 -> 0.896 | G17: 51.56516 | H17: =F17/G17 -> 0 | I17: 39.4 | J17: 170 | K17: =I17/J17 -> 0.23176471 | O17: 1790000000 | P17: 3300000000 | Q17: =O17/P17 -> 0.54242424 | R17: 311901.38
A18: Cs-134 | B18: =VLOOKUP(A18,衰变常数!$A$1:$H$3800,7,FALSE) -> 1.0635535e-08 | C18: 1.46e+16 | D18: 1.53e+16 | E18: =C18/D18 -> 0.95424837 | G18: 45186.167 | H18: =F18/G18 -> 0 | I18: 385000 | J18: 150000 | K18: =I18/J18 -> 2.5666667 | O18: 806000000000 | P18: 230000000000 | Q18: =O18/P18 -> 3.5043478 | R18: 87961201
A19: Cs-137 | B19: =VLOOKUP(A19,衰变常数!$A$1:$H$3800,7,FALSE) -> 7.3020309e-10 | C19: 1.74e+16 | D19: 1.91e+16 | E19: =C19/D19 -> 0.91099476 | G19: 58762.988 | H19: =F19/G19 -> 0 | I19: 544000 | J19: 250000 | K19: =I19/J19 -> 2.176 | O19: 12400000000000 | P19: 3000000000000 | Q19: =O19/P19 -> 4.1333333 | R19: 4.2094126e+08
A20: Ag-110m | B20: =VLOOKUP(A20,衰变常数!$A$1:$H$3800,7,FALSE) -> 3.2120989e-08 | C20: 242000000000000 | D20: 255000000000000 | E20: =C20/D20 -> 0.94901961 | G20: 37363.739 | H20: =F20/G20 -> 0 | I20: 409000 | J20: 130000 | K20: =I20/J20 -> 3.1461538 | O20: 282000000000 | P20: 63000000000 | Q20: =O20/P20 -> 4.4761905 | R20: 50731205
A21: H-3 | B21: =VLOOKUP(A21,衰变常数!$A$1:$H$3800,7,FALSE) -> 1.7828336e-09 | C21: 111000000000000 | D21: 123000000000000 | E21: =C21/D21 -> 0.90243902 | G21: 4.3133664e+10 | H21: =F21/G21 -> 0 | I21: 144000000000 | J21: 143000000000 | K21: =I21/J21 -> 1.006993 | L21: 12900000000000 | M21: 1.2806281e+13 | N21: =L21/M21 -> 1.0073182
A22: C-14 | B22: =VLOOKUP(A22,衰变常数!$A$1:$H$3800,7,FALSE) -> 3.8534294e-12 | G22: 62399793 | H22: =F22/G22 -> 0 | I22: 208000000 | J22: 210000000 | K22: =I22/J22 -> 0.99047619 | L22: 18700000000 | M22: 1.8914885e+10 | N22: =L22/M22 -> 0.98863939 | O22: 22000000000 | P22: 22000000000 | Q22: =O22/P22 -> 1
A23: Co-60 | B23: =VLOOKUP(A23,衰变常数!$A$1:$H$3800,7,FALSE) -> 4.1669453e-09 | G23: 13152.273 | H23: =F23/G23 -> 0 | I23: 1100 | J23: 44000 | K23: =I23/J23 -> 0.025 | O23: 2120000000 | P23: 86000000000 | Q23: =O23/P23 -> 0.024651163 | R23: 1103732.6
A24: Ar-41 | B24: =VLOOKUP(A24,衰变常数!$A$1:$H$3800,7,FALSE) -> 0.00010539598 | G24: 4.9908883e+10 | H24: =F24/G24 -> 0 | I24: 71000000000 | R24: 52688183 | S24: 3.4534751e+08
A25: Fe-55 | B25: =VLOOKUP(A25,衰变常数!$A$1:$H$3800,7,FALSE) -> 8.004559e-09 | I25: 3000 | O25: 3200000000 | R25: 1734972
A26: Ni-63 | B26: =VLOOKUP(A26,衰变常数!$A$1:$H$3800,7,FALSE) -> 2.1704054e-10 | I26: 39 | O26: 460000000 | R26: 57843.814
A27: Rb-88 | B27: =VLOOKUP(A27,衰变常数!$A$1:$H$3800,7,FALSE) -> 0.00065000017 | C27: 1.88e+17 | I27: 1200000000 | O27: 61000000000 | R27: 1.421973e+08 | S27: 3.7219982e+08
A28: Cs-138 | B28: =VLOOKUP(A28,衰变常数!$A$1:$H$3800,7,FALSE) -> 0.0003457783 | I28: 410000000 | O28: 39000000000 | R28: 58280368 | S28: 1.8617321e+08
A29: SUM | C29: =SUM(C2:C28) -> 3.378513e+18 | D29: =SUM(D2:D28) -> 3.339478e+18 | E29: =SUM(E2:E28) -> 19.116304 | F29: =SUM(F2:F28) -> 0 | G29: =SUM(G2:G28) -> 1.3958583e+11 | H29: =SUM(H2:H28) -> 0 | I29: =SUM(I2:I28) -> 5.6275015e+11 | J29: =SUM(J2:J28) -> 664203600170 | ... S29: =SUM(S2:S28) -> 3.9745222e+09

Sheet 过滤效率
A1: 核素 | B1: 过滤效率
A2: Kr-83m | B2: 0
A3: Kr-85 | B3: 0
A4: Kr-85m | B4: 0
A5: Kr-87 | B5: 0
A6: Kr-88 | B6: 0
A7: Xe-131m | B7: 0
A8: Xe-133 | B8: 0
A9: Xe-133m | B9: 0
A10: Xe-135 | B10: 0
A11: I-131 | B11: 0.95
A12: I-132 | B12: 0.95
A13: I-133 | B13: 0.95
... A24: Ar-41 | B24: 0

Sheet 事故释放率
R1: BOOTH | T1: UO2核芯 | AD1: 石墨晶粒 | AH1: 石墨孔隙 | AK1: 释放率计算公式
T2: 扩散参数 <1200K: 使用JULICH参数 | Y2: 扩散参数>=1200K: 使用IAEA978 | AK2: 1620 | AO2: D=D01EXP(-Q01/RT)+D02EXP(-Q02/RT) | AP2: sqrt(λ*a2/D) | AQ2: λB3/x(cothx-1/x) | AY2: 数据-PM FSAR使用 | BN2: 误差new/old | CD2: 数据-刘涛计算 | CR2: 误差new/old
A3: 核素 | B3: 400 | C3: 500 | D3: 600 | E3: 700 | F3: 800 | G3: 900 | H3: 1000 | I3: 1100 | J3: 1200 | K3: 1300 | L3: 1400 | M3: 1500 | N3: 1570 | O3: 1620 | R3: λ(1/s) | S3: R(J/mol.K) | T3: D01(m2/S) | U3: Q01(J/mol) | V3: D02(m2/S) | W3: Q02(J/mol) | X3: a(m) | Y3: D01(m2/S) | Z3: Q01(J/mol) | AA3: D02(m2/S) | AB3: Q02(J/mol) | AC3: a(m) | AD3: D0(m2/S) | AE3: Q0(J/mol) | AF3: a(m) | AG3: B铀污染 | AH3: D0(m2/S) | AI3: Q0(J/mol) | AJ3: a(m) | AK3: T/C | AL3: T/K | AM3: 核芯破损率 | AN3: 核芯a | AO3: 核芯D | AP3: 核芯x | AQ3: 核芯释放率 | AR3: 晶粒D | AS3: 晶粒x | AT3: 晶粒释放率 | AU3: 孔隙D | AV3: 孔隙x | AW3: 总释放率 | AZ3: 400 | BA3: 500 | BB3: 600 | BC3: 700 | BD3: 800 | BE3: 900 | BF3: 1000 | BG3: 1100 | BH3: 1200 | BI3: 1300 | BJ3: 1400 | BK3: 1500 | BL3: 1570 | BM3: 1620 | BO3: 400 | BP3: 500 | BQ3: 600 | BR3: 700 | BS3: 800 | BT3: 900 | BU3: 1000 | BV3: 1100 | BW3: 1200 | BX3: 1300 | BY3: 1400 | BZ3: 1500 | CA3: 1570 | CB3: 1620 | CS3: 400 | CT3: 500 | CU3: 600 | CV3: 700 | CW3: 800 | CX3: 900 | CY3: 1000 | CZ3: 1100 | DA3: 1200 | DB3: 1300 | DC3: 1400 | DD3: 1500 | DE3: 1570 | DF3: 1620
A4: Kr-83m | B4: 1.8390442e-11 | C4: 2.9871502e-11 | D4: 4.3425478e-11 | E4: 5.8463963e-11 | F4: 7.4472584e-11 | G4: 9.103463e-11 | H4: 1.0782765e-10 | I4: 1.2461001e-10 | J4: 2.0833361e-10 | K4: 4.9354874e-10 | L4: 1.3614977e-09 | M4: 4.1512268e-09 | N4: 1.3860548e-08 | O4: 1.3860548e-08 | P4: BOOTH | R4: =VLOOKUP(A4,衰变常数!$A$1:$H$3800,7,FALSE) -> 0.0001052136 | S4: 8.3143 | T4: 2.5e-18 | U4: 41870 | V4: 0 | W4: 0 | X4: 1e-05 | Y4: 8.8e-15 | Z4: 54000 | AA4: 0.6 | AB4: 480000 | AC4: 0.00025 | AD4: 6e-17 | AE4: 62800 | AF4: 6e-06 | AG4: 7e-07 | AH4: 6.2e-07 | AI4: 0 | AJ4: 0.03 | AK4: =AK$2 -> 1620 | AL4: =AK4+273.15 -> 1893.15 | AM4: =0.00016+0.0005*MAX(0,$AK4-1200)/(1620-1200) -> 0.00066 | AN4: =IF(AK4<1200,$X4,$AC4) -> 0.00025 | AO4: =IF($AK4<1200,$T4*EXP(-$U4/$S4/AL4)+$V4*EXP(-$W4/$S4/AL4),$Y4*EXP(-$Z4/$S4/AL4)+$AA4*EXP(-$AB4/$S4/AL4)) -> 3.4505088e-14 | AP4: =SQRT($R4*AN4*AN4/AO4) -> 13.804935 | AQ4: =$R4*AM4*3/AP4*(IFERROR(COSH(AP4)/SINH(AP4),1)-1/AP4) -> 1.3997346e-08 | AR4: =$AD4*EXP(-$AE4/$S4/AL4) -> 1.1102273e-18 | AS4: =SQRT($R4*$AF4*$AF4/AR4) -> 58.409197 | AT4: =$R4*$AG4*3/AS4*(IFERROR(COSH(AS4)/SINH(AS4),1)-1/AS4) -> 3.7180067e-12 | AU4: =$AH4*EXP(-$AI4/$S4/AL4) -> 6.2e-07 | AV4: =SQRT($R4*$AJ4*$AJ4/AU4) -> 0.39080611 | AW4: =(AQ4+AT4)*3/AV4*(IFERROR(COSH(AV4)/SINH(AV4),1)-1/AV4) -> 1.3860548e-08 | AY4: Kr-83m | AZ4: 1.8363515e-11 | BA4: 2.9840642e-11 | BB4: 4.339838e-11 | BC4: 5.8450951e-11 | BD4: 1.92e-11 | BE4: 3.51e-11 | BF4: 5.83e-11 | BG4: 9e-11 | BH4: 1.31e-10 | BI4: 5.09e-10 | BJ4: 1.43e-09 | BK4: 4.44e-09 | BL4: 1.51e-08 | BM4: 1.51e-08 | BO4: =B4/AZ4 -> 1.0014663 | BP4: =C4/BA4 -> 1.0010342 | BQ4: =D4/BB4 -> 1.0006244 | BR4: =E4/BC4 -> 1.0002226 | BS4: =F4/BD4 -> 3.8787804 | BT4: =G4/BE4 -> 2.5935792 | BU4: =H4/BF4 -> 1.8495309 | BV4: =I4/BG4 -> 1.3845557 | ... CB4: =O4/BM4 -> 0.9179171 | CD4: 1.8363515e-11 | CE4: 2.9840642e-11 | CF4: 4.339838e-11 | CG4: 5.8450951e-11 | CH4: 7.4485667e-11 | CI4: 9.108662e-11 | CJ4: 1.0793145e-10 | CK4: 1.2477808e-10 | CL4: 2.0893818e-10 | CM4: 5.0319578e-10 | CN4: 1.3990458e-09 | CO4: 4.2846263e-09 | CP4: 1.3830421e-08 | CQ4: 1.3830421e-08 | CS4: =B4/CD4 -> 1.0014663 | CT4: =C4/CE4 -> 1.0010342 | CU4: =D4/CF4 -> 1.0006244 | CV4: =E4/CG4 -> 1.0002226 | CW4: =F4/CH4 -> 0.99982436 | CX4: =G4/CI4 -> 0.99942922 | CY4: =H4/CJ4 -> 0.99903829 | CZ4: =I4/CK4 -> 0.99865307 | ... DF4: =O4/CQ4 -> 1.0021783
A5: Kr-85 | B5: =AZ5 -> 3.996e-14 | C5: =BA5 -> 3.996e-14 | D5: =BB5 -> 3.996e-14 | E5: =BC5 -> 1.324e-13 | F5: =BD5 -> 1.987e-13 | G5: =BE5 -> 4.04e-13 | H5: =BF5 -> 9.44e-13 | I5: =BG5 -> 2.12e-12 | ... O5: =BM5 -> 2.31e-10 | P5: Fresco-II | R5: =VLOOKUP(A5,衰变常数!$A$1:$H$3800,7,FALSE) -> 2.0420706e-09 | S5: 8.3143 | T5: 2.5e-18 | U5: 41870 | V5: 0 | W5: 0 | X5: 1e-05 | Y5: 8.8e-15 | Z5: 54000 | AA5: 0.6 | AB5: 480000 | AC5: 0.00025 | AD5: 6e-17 | AE5: 62800 | AF5: 6e-06 | AG5: 7e-07 | AH5: 6.2e-07 | AI5: 0 | AJ5: 0.03 | AK5: =AK$2 -> 1620 | AL5: =AK5+273.15 -> 1893.15 | AM5: =0.00016+0.0005*MAX(0,$AK5-1200)/(1620-1200) -> 0.00066 | AN5: =IF(AK5<1200,$X5,$AC5) -> 0.00025 | AO5: =IF($AK5<1200,$T5*EXP(-$U5/$S5/AL5)+$V5*EXP(-$W5/$S5/AL5),$Y5*EXP(-$Z5/$S5/AL5)+$AA5*EXP(-$AB5/$S5/AL5)) -> 3.4505088e-14 | AP5: =SQRT($R5*AN5*AN5/AO5) -> 0.060818236 | AQ5: =$R5*AM5*3/AP5*(IFERROR(COSH(AP5)/SINH(AP5),1)-1/AP5) -> 1.3474344e-12 | AR5: =$AD5*EXP(-$AE5/$S5/AL5) -> 1.1102273e-18 | AS5: =SQRT($R5*$AF5*$AF5/AR5) -> 0.25732423 | AT5: =$R5*$AG5*3/AS5*(IFERROR(COSH(AS5)/SINH(AS5),1)-1/AS5) -> 1.4231788e-15 | AU5: =$AH5*EXP(-$AI5/$S5/AL5) -> 6.2e-07 | AV5: =SQRT($R5*$AJ5*$AJ5/AU5) -> 0.0017217131 | AW5: =(AQ5+AT5)*3/AV5*(IFERROR(COSH(AV5)/SINH(AV5),1)-1/AV5) -> 1.3488573e-12 | AY5: Kr85 | AZ5: 3.996e-14 | BA5: 3.996e-14 | BB5: 3.996e-14 | BC5: 1.324e-13 | BD5: 1.987e-13 | BE5: 4.04e-13 | BF5: 9.44e-13 | BG5: 2.12e-12 | BH5: 1.15e-11 | BI5: 2.99e-11 | BJ5: 5.6e-11 | BK5: 1.27e-10 | BL5: 1.77e-10 | BM5: 2.31e-10 | BO5: =B5/AZ5 -> 1 | BP5: =C5/BA5 -> 1 | BQ5: =D5/BB5 -> 1 | BR5: =E5/BC5 -> 1 | BS5: =F5/BD5 -> 1 | BT5: =G5/BE5 -> 1 | BU5: =H5/BF5 -> 1 | BV5: =I5/BG5 -> 1 | ... CB5: =O5/BM5 -> 1
A6: Kr-85m | B6: 1.1821432e-11 | C6: 1.9198999e-11 | D6: 2.79061e-11 | E6: 3.7563661e-11 | F6: 4.7840496e-11 | G6: 5.8468492e-11 | H6: 6.9240371e-11 | I6: 8.0000986e-11 | J6: 1.3362633e-10 | K6: 3.1629446e-10 | L6: 8.6983419e-10 | M6: 2.6281804e-09 | N6: 8.5185762e-09 | O6: 8.5185762e-09 | P6: BOOTH | R6: =VLOOKUP(A6,衰变常数!$A$1:$H$3800,7,FALSE) -> 4.2977876e-05 | S6: 8.3143 | T6: 2.5e-18 | U6: 41870 | V6: 0 | W6: 0 | X6: 1e-05 | Y6: 8.8e-15 | Z6: 54000 | AA6: 0.6 | AB6: 480000 | AC6: 0.00025 | AD6: 6e-17 | AE6: 62800 | AF6: 6e-06 | AG6: 7e-07 | AH6: 6.2e-07 | AI6: 0 | AJ6: 0.03 | AK6: =AK$2 -> 1620 | AL6: =AK6+273.15 -> 1893.15 | AM6: =0.00016+0.0005*MAX(0,$AK6-1200)/(1620-1200) -> 0.00066 | AN6: =IF(AK6<1200,$X6,$AC6) -> 0.00025 | AO6: =IF($AK6<1200,$T6*EXP(-$U6/$S6/AL6)+$V6*EXP(-$W6/$S6/AL6),$Y6*EXP(-$Z6/$S6/AL6)+$AA6*EXP(-$AB6/$S6/AL6)) -> 3.4505088e-14 | AP6: =SQRT($R6*AN6*AN6/AO6) -> 8.8230941 | AQ6: =$R6*AM6*3/AP6*(IFERROR(COSH(AP6)/SINH(AP6),1)-1/AP6) -> 8.5515904e-09 | AR6: =$AD6*EXP(-$AE6/$S6/AL6) -> 1.1102273e-18 | AS6: =SQRT($R6*$AF6*$AF6/AR6) -> 37.330841 | AT6: =$R6*$AG6*3/AS6*(IFERROR(COSH(AS6)/SINH(AS6),1)-1/AS6) -> 2.3529037e-12 | AU6: =$AH6*EXP(-$AI6/$S6/AL6) -> 6.2e-07 | AV6: =SQRT($R6*$AJ6*$AJ6/AU6) -> 0.24977438 | AW6: =(AQ6+AT6)*3/AV6*(IFERROR(COSH(AV6)/SINH(AV6),1)-1/AV6) -> 8.5185762e-09 | AY6: Kr-85m | AZ6: 1.1821346e-11 | BA6: 1.9209643e-11 | BB6: 2.7937314e-11 | BC6: 3.762727e-11 | BD6: 1.23e-11 | BE6: 2.25e-11 | BF6: 3.73e-11 | BG6: 5.76e-11 | BH6: 8.37e-11 | BI6: 3.26e-10 | BJ6: 9.13e-10 | BK6: 2.84e-09 | BL6: 9.64e-09 | BM6: 9.64e-09 | BO6: =B6/AZ6 -> 1.0000072 | BP6: =C6/BA6 -> 0.9994459 | BQ6: =D6/BB6 -> 0.99888273 | BR6: =E6/BC6 -> 0.99830951 | BS6: =F6/BD6 -> 3.8894712 | BT6: =G6/BE6 -> 2.5985996 | BU6: =H6/BF6 -> 1.8563102 | BV6: =I6/BG6 -> 1.388906 | ... CB6: =O6/BM6 -> 0.88366973 | CD6: 1.1821346e-11 | CE6: 1.9209643e-11 | CF6: 2.7937314e-11 | CG6: 3.762727e-11 | CH6: 4.7949473e-11 | CI6: 5.8636186e-11 | CJ6: 6.9479892e-11 | CK6: 8.0324758e-11 | CL6: 1.3450206e-10 | CM6: 3.2289435e-10 | CN6: 8.9497702e-10 | CO6: 2.7162118e-09 | CP6: 8.5121873e-09 | CQ6: 8.5121873e-09 | CS6: =B6/CD6 -> 1.0000072 | CT6: =C6/CE6 -> 0.9994459 | CU6: =D6/CF6 -> 0.99888273 | CV6: =E6/CG6 -> 0.99830951 | CW6: =F6/CH6 -> 0.99772725 | CX6: =G6/CI6 -> 0.99714008 | CY6: =H6/CJ6 -> 0.99655265 | CZ6: =I6/CK6 -> 0.99596921 | ... DF6: =O6/CQ6 -> 1.0007506
A7: Kr-87 | B7: 2.1966451e-11 | C7: 3.5681361e-11 | D7: 5.1873875e-11 | E7: 6.9841633e-11 | F7: 8.897054e-11 | G7: 1.0876299e-10 | H7: 1.2883385e-10 | I7: 1.4889439e-10 | J7: 2.4900333e-10 | K7: 5.9004462e-10 | L7: 1.6291638e-09 | M7: 4.9804598e-09 | N7: 1.6769789e-08 | O7: 1.6769789e-08 | P7: BOOTH | R7: =VLOOKUP(A7,衰变常数!$A$1:$H$3800,7,FALSE) -> 0.0001514083 | S7: 8.3143 | T7: 2.5e-18 | U7: 41870 | V7: 0 | W7: 0 | X7: 1e-05 | Y7: 8.8e-15 | Z7: 54000 | AA7: 0.6 | AB7: 480000 | AC7: 0.00025 | AD7: 6e-17 | AE7: 62800 | AF7: 6e-06 | AG7: 7e-07 | AH7: 6.2e-07 | AI7: 0 | AJ7: 0.03 | AK7: =AK$2 -> 1620 | AL7: =AK7+273.15 -> 1893.15 | AM7: =0.00016+0.0005*MAX(0,$AK7-1200)/(1620-1200) -> 0.00066 | AN7: =IF(AK7<1200,$X7,$AC7) -> 0.00025 | AO7: =IF($AK7<1200,$T7*EXP(-$U7/$S7/AL7)+$V7*EXP(-$W7/$S7/AL7),$Y7*EXP(-$Z7/$S7/AL7)+$AA7*EXP(-$AB7/$S7/AL7)) -> 3.4505088e-14 | AP7: =SQRT($R7*AN7*AN7/AO7) -> 16.560493 | AQ7: =$R7*AM7*3/AP7*(IFERROR(COSH(AP7)/SINH(AP7),1)-1/AP7) -> 1.7009505e-08 | AR7: =$AD7*EXP(-$AE7/$S7/AL7) -> 1.1102273e-18 | AS7: =SQRT($R7*$AF7*$AF7/AR7) -> 70.068067 | AT7: =$R7*$AG7*3/AS7*(IFERROR(COSH(AS7)/SINH(AS7),1)-1/AS7) -> 4.4730731e-12 | AU7: =$AH7*EXP(-$AI7/$S7/AL7) -> 6.2e-07 | AV7: =SQRT($R7*$AJ7*$AJ7/AU7) -> 0.46881365 | AW7: =(AQ7+AT7)*3/AV7*(IFERROR(COSH(AV7)/SINH(AV7),1)-1/AV7) -> 1.6769789e-08 | AY7: Kr-87 | AZ7: 2.1926024e-11 | BA7: 3.5629705e-11 | BB7: 5.1817634e-11 | BC7: 6.9790393e-11 | BD7: 2.32e-11 | BE7: 4.24e-11 | BF7: 7.04e-11 | BG7: 1.09e-10 | BH7: 1.58e-10 | BI7: 6.14e-10 | BJ7: 1.72e-09 | BK7: 5.36e-09 | BL7: 1.82e-08 | BM7: 1.82e-08 | BO7: =B7/AZ7 -> 1.0018438 | BP7: =C7/BA7 -> 1.0014498 | BQ7: =D7/BB7 -> 1.0010854 | BR7: =E7/BC7 -> 1.0007342 | BS7: =F7/BD7 -> 3.8349371 | BT7: =G7/BE7 -> 2.5651649 | BU7: =H7/BF7 -> 1.8300262 | BV7: =I7/BG7 -> 1.3660035 | ... CB7: =O7/BM7 -> 0.92141695 | CD7: 2.1926024e-11 | CE7: 3.5629705e-11 | CF7: 5.1817634e-11 | CG7: 6.9790393e-11 | CH7: 8.8935833e-11 | CI7: 1.0875736e-10 | CJ7: 1.2887007e-10 | CK7: 1.4898494e-10 | CL7: 2.4947203e-10 | CM7: 6.0138127e-10 | CN7: 1.6735515e-09 | CO7: 5.1388278e-09 | CP7: 1.6727638e-08 | CQ7: 1.6727638e-08 | CS7: =B7/CD7 -> 1.0018438 | CT7: =C7/CE7 -> 1.0014498 | CU7: =D7/CF7 -> 1.0010854 | CV7: =E7/CG7 -> 1.0007342 | CW7: =F7/CH7 -> 1.0003902 | CX7: =G7/CI7 -> 1.0000518 | CY7: =H7/CJ7 -> 0.9997189 | CZ7: =I7/CK7 -> 0.99939221 | ... DF7: =O7/CQ7 -> 1.0025198
A8: Kr-88 | B8: 1.4813849e-11 | C8: 2.40607e-11 | D8: 3.497572e-11 | E8: 4.7084475e-11 | F8: 5.9972329e-11 | G8: 7.3303479e-11 | H8: 8.6818181e-11 | I8: 1.0032189e-10 | J8: 1.6765789e-10 | K8: 3.9703921e-10 | L8: 1.0937996e-09 | M8: 3.3219459e-09 | N8: 1.0951683e-08 | O8: 1.0951683e-08 | P8: BOOTH | R8: =VLOOKUP(A8,衰变常数!$A$1:$H$3800,7,FALSE) -> 6.7796086e-05 | S8: 8.3143 | T8: 2.5e-18 | U8: 41870 | V8: 0 | W8: 0 | X8: 1e-05 | Y8: 8.8e-15 | Z8: 54000 | AA8: 0.6 | AB8: 480000 | AC8: 0.00025 | AD8: 6e-17 | AE8: 62800 | AF8: 6e-06 | AG8: 7e-07 | AH8: 6.2e-07 | AI8: 0 | AJ8: 0.03 | AK8: =AK$2 -> 1620 | AL8: =AK8+273.15 -> 1893.15 | AM8: =0.00016+0.0005*MAX(0,$AK8-1200)/(1620-1200) -> 0.00066 | AN8: =IF(AK8<1200,$X8,$AC8) -> 0.00025 | AO8: =IF($AK8<1200,$T8*EXP(-$U8/$S8/AL8)+$V8*EXP(-$W8/$S8/AL8),$Y8*EXP(-$Z8/$S8/AL8)+$AA8*EXP(-$AB8/$S8/AL8)) -> 3.4505088e-14 | AP8: =SQRT($R8*AN8*AN8/AO8) -> 11.081556 | AQ8: =$R8*AM8*3/AP8*(IFERROR(COSH(AP8)/SINH(AP8),1)-1/AP8) -> 1.1020363e-08 | AR8: =$AD8*EXP(-$AE8/$S8/AL8) -> 1.1102273e-18 | AS8: =SQRT($R8*$AF8*$AF8/AR8) -> 46.886478 | AT8: =$R8*$AG8*3/AS8*(IFERROR(COSH(AS8)/SINH(AS8),1)-1/AS8) -> 2.9717578e-12 | AU8: =$AH8*EXP(-$AI8/$S8/AL8) -> 6.2e-07 | AV8: =SQRT($R8*$AJ8*$AJ8/AU8) -> 0.31370954 | AW8: =(AQ8+AT8)*3/AV8*(IFERROR(COSH(AV8)/SINH(AV8),1)-1/AV8) -> 1.0951683e-08 | AY8: Kr-88 | AZ8: 1.4916035e-11 | BA8: 2.42385e-11 | BB8: 3.5250972e-11 | BC8: 4.7477644e-11 | BD8: 1.56e-11 | BE8: 2.84e-11 | BF8: 4.72e-11 | BG8: 7.28e-11 | BH8: 1.06e-10 | BI8: 4.12e-10 | BJ8: 1.15e-09 | BK8: 3.6e-09 | BL8: 1.22e-08 | BM8: 1.22e-08 | BO8: =B8/AZ8 -> 0.99314924 | BP8: =C8/BA8 -> 0.99266458 | BQ8: =D8/BB8 -> 0.99219166 | BR8: =E8/BC8 -> 0.99171886 | BS8: =F8/BD8 -> 3.8443801 | BT8: =G8/BE8 -> 2.5811084 | BU8: =H8/BF8 -> 1.8393683 | BV8: =I8/BG8 -> 1.378048 | ... CB8: =O8/BM8 -> 0.89767889 | CD8: 1.4916035e-11 | CE8: 2.42385e-11 | CF8: 3.5250972e-11 | CG8: 4.7477644e-11 | CH8: 6.0502078e-11 | CI8: 7.3986446e-11 | CJ8: 8.7668906e-11 | CK8: 1.0135283e-10 | CL8: 1.697131e-10 | CM8: 4.0818268e-10 | CN8: 1.1334152e-09 | CO8: 3.4580923e-09 | CP8: 1.1027557e-08 | CQ8: 1.1027557e-08 | CS8: =B8/CD8 -> 0.99314924 | CT8: =C8/CE8 -> 0.99266458 | CU8: =D8/CF8 -> 0.99219166 | CV8: =E8/CG8 -> 0.99171886 | CW8: =F8/CH8 -> 0.99124413 | CX8: =G8/CI8 -> 0.99076902 | CY8: =H8/CJ8 -> 0.99029617 | CZ8: =I8/CK8 -> 0.98982822 | ... DF8: =O8/CQ8 -> 0.99311952
A9: Xe-131m | B9: 1.4880346e-12 | C9: 2.4070193e-12 | D9: 3.4832989e-12 | E9: 4.6670845e-12 | F9: 5.9156922e-12 | G9: 7.1952894e-12 | H9: 8.4803688e-12 | I9: 9.7524157e-12 | J9: 1.6004321e-11 | K9: 3.7300291e-11 | L9: 9.6134982e-11 | M9: 2.3355957e-10 | N9: 4.1450759e-10 | O9: 4.1450759e-10 | P9: BOOTH | R9: =VLOOKUP(A9,衰变常数!$A$1:$H$3800,7,FALSE) -> 6.7757912e-07 | S9: 8.3143 | T9: 2.5e-18 | U9: 41870 | V9: 0 | W9: 0 | X9: 1e-05 | Y9: 8.8e-15 | Z9: 54000 | AA9: 0.6 | AB9: 480000 | AC9: 0.00025 | AD9: 3e-18 | AE9: 41870 | AF9: 6e-06 | AG9: 7e-07 | AH9: 5e-07 | AI9: 0 | AJ9: 0.03 | AK9: =AK$2 -> 1620 | AL9: =AK9+273.15 -> 1893.15 | AM9: =0.00016+0.0005*MAX(0,$AK9-1200)/(1620-1200) -> 0.00066 | AN9: =IF(AK9<1200,$X9,$AC9) -> 0.00025 | AO9: =IF($AK9<1200,$T9*EXP(-$U9/$S9/AL9)+$V9*EXP(-$W9/$S9/AL9),$Y9*EXP(-$Z9/$S9/AL9)+$AA9*EXP(-$AB9/$S9/AL9)) -> 3.4505088e-14 | AP9: =SQRT($R9*AN9*AN9/AO9) -> 1.1078436 | AQ9: =$R9*AM9*3/AP9*(IFERROR(COSH(AP9)/SINH(AP9),1)-1/AP9) -> 4.1442156e-10 | AR9: =$AD9*EXP(-$AE9/$S9/AL9) -> 2.0983103e-19 | AS9: =SQRT($R9*$AF9*$AF9/AR9) -> 10.781927 | AT9: =$R9*$AG9*3/AS9*(IFERROR(COSH(AS9)/SINH(AS9),1)-1/AS9) -> 1.1973219e-13 | AU9: =$AH9*EXP(-$AI9/$S9/AL9) -> 5e-07 | AV9: =SQRT($R9*$AJ9*$AJ9/AU9) -> 0.034923379 | AW9: =(AQ9+AT9)*3/AV9*(IFERROR(COSH(AV9)/SINH(AV9),1)-1/AV9) -> 4.1450759e-10 | AY9: Xe-131m | AZ9: 1.4830566e-12 | BA9: 2.4063556e-12 | BB9: 3.4946656e-12 | BC9: 4.7004881e-12 | BD9: 1.53e-12 | BE9: 2.8e-12 | BF9: 4.66e-12 | BG9: 7.18e-12 | BH9: 1.04e-11 | BI9: 4.06e-11 | BJ9: 1.14e-10 | BK9: 3.55e-10 | BL9: 1.2e-09 | BM9: 1.2e-09 | BO9: =B9/AZ9 -> 1.0033566 | BP9: =C9/BA9 -> 1.0002758 | BQ9: =D9/BB9 -> 0.99674741 | BR9: =E9/BC9 -> 0.99289359 | BS9: =F9/BD9 -> 3.8664655 | BT9: =G9/BE9 -> 2.5697462 | BU9: =H9/BF9 -> 1.8198216 | BV9: =I9/BG9 -> 1.3582752 | ... CB9: =O9/BM9 -> 0.34542299 | CD9: 1.4830566e-12 | CE9: 2.4063556e-12 | CF9: 3.4946656e-12 | CG9: 4.7004881e-12 | CH9: 5.9825249e-12 | CI9: 7.3074748e-12 | CJ9: 8.6496801e-12 | CK9: 9.9899938e-12 | CL9: 1.6751539e-11 | CM9: 3.7785774e-11 | CN9: 9.8099454e-11 | CO9: 2.3898219e-10 | CP9: 4.0900239e-10 | CQ9: 4.0900239e-10 | CS9: =B9/CD9 -> 1.0033566 | CT9: =C9/CE9 -> 1.0002758 | CU9: =D9/CF9 -> 0.99674741 | CV9: =E9/CG9 -> 0.99289359 | CW9: =F9/CH9 -> 0.98882868 | CX9: =G9/CI9 -> 0.98464787 | CY9: =H9/CJ9 -> 0.98042572 | CZ9: =I9/CK9 -> 0.9762184 | ... DF9: =O9/CQ9 -> 1.0134601
A10: Xe-133 | B10: 2.2393604e-12 | C10: 3.6258491e-12 | D10: 5.2531222e-12 | E10: 7.0473512e-12 | F10: 8.9449535e-12 | G10: 1.0895246e-11 | H10: 1.285974e-11 | I10: 1.4810232e-11 | J10: 2.4486425e-11 | K10: 5.7471123e-11 | L10: 1.5215996e-10 | M10: 4.057302e-10 | N10: 8.6190938e-10 | O10: 8.6190938e-10 | P10: BOOTH | R10: =VLOOKUP(A10,衰变常数!$A$1:$H$3800,7,FALSE) -> 1.5301424e-06 | S10: 8.3143 | T10: 2.5e-18 | U10: 41870 | V10: 0 | W10: 0 | X10: 1e-05 | Y10: 8.8e-15 | Z10: 54000 | AA10: 0.6 | AB10: 480000 | AC10: 0.00025 | AD10: 3e-18 | AE10: 41870 | AF10: 6e-06 | AG10: 7e-07 | AH10: 5e-07 | AI10: 0 | AJ10: 0.03 | AK10: =AK$2 -> 1620 | AL10: =AK10+273.15 -> 1893.15 | AM10: =0.00016+0.0005*MAX(0,$AK10-1200)/(1620-1200) -> 0.00066 | AN10: =IF(AK10<1200,$X10,$AC10) -> 0.00025 | AO10: =IF($AK10<1200,$T10*EXP(-$U10/$S10/AL10)+$V10*EXP(-$W10/$S10/AL10),$Y10*EXP(-$Z10/$S10/AL10)+$AA10*EXP(-$AB10/$S10/AL10)) -> 3.4505088e-14 | AP10: =SQRT($R10*AN10*AN10/AO10) -> 1.6648088 | AQ10: =$R10*AM10*3/AP10*(IFERROR(COSH(AP10)/SINH(AP10),1)-1/AP10) -> 8.6188155e-10 | AR10: =$AD10*EXP(-$AE10/$S10/AL10) -> 2.0983103e-19 | AS10: =SQRT($R10*$AF10*$AF10/AR10) -> 16.202511 | AT10: =$R10*$AG10*3/AS10*(IFERROR(COSH(AS10)/SINH(AS10),1)-1/AS10) -> 1.8608092e-13 | AU10: =$AH10*EXP(-$AI10/$S10/AL10) -> 5e-07 | AV10: =SQRT($R10*$AJ10*$AJ10/AU10) -> 0.05248101 | AW10: =(AQ10+AT10)*3/AV10*(IFERROR(COSH(AV10)/SINH(AV10),1)-1/AV10) -> 8.6190938e-10 | AY10: Xe-133 | AZ10: 2.2369016e-12 | BA10: 3.6295182e-12 | BB10: 5.2710216e-12 | BC10: 7.0897697e-12 | BD10: 2.32e-12 | BE10: 4.24e-12 | BF10: 7.04e-12 | BG10: 1.09e-11 | BH10: 1.58e-11 | BI10: 6.14e-11 | BJ10: 1.72e-10 | BK10: 5.36e-10 | BL10: 1.82e-09 | BM10: 1.82e-09 | BO10: =B10/AZ10 -> 1.0010992 | BP10: =C10/BA10 -> 0.99898911 | BQ10: =D10/BB10 -> 0.99660418 | BR10: =E10/BC10 -> 0.99401693 | BS10: =F10/BD10 -> 3.8555834 | BT10: =G10/BE10 -> 2.5696335 | BU10: =H10/BF10 -> 1.8266676 | BV10: =I10/BG10 -> 1.3587369 | ... CB10: =O10/BM10 -> 0.47357658 | CD10: 2.2369016e-12 | CE10: 3.6295182e-12 | CF10: 5.2710216e-12 | CG10: 7.0897697e-12 | CH10: 9.0234723e-12 | CI10: 1.1021901e-11 | CJ10: 1.3046356e-11 | CK10: 1.5067958e-11 | CL10: 2.526643e-11 | CM10: 5.8457551e-11 | CN10: 1.5596843e-10 | CO10: 4.1756855e-10 | CP10: 8.5670676e-10 | CQ10: 8.5670676e-10 | CS10: =B10/CD10 -> 1.0010992 | CT10: =C10/CE10 -> 0.99898911 | CU10: =D10/CF10 -> 0.99660418 | CV10: =E10/CG10 -> 0.99401693 | CW10: =F10/CH10 -> 0.99129839 | CX10: =G10/CI10 -> 0.98850883 | CY10: =H10/CJ10 -> 0.98569594 | CZ10: =I10/CK10 -> 0.98289581 | ... DF10: =O10/CQ10 -> 1.0060728
A11: Xe-133m | B11: 3.4677769e-12 | C11: 5.6186343e-12 | D11: 8.1467822e-12 | E11: 1.0939087e-11 | F11: 1.3897798e-11 | G11: 1.6944681e-11 | H11: 2.0020021e-11 | I11: 2.3079778e-11 | J11: 3.8354721e-11 | K11: 9.0450634e-11 | L11: 2.4376219e-10 | M11: 6.8951879e-10 | N11: 1.7549836e-09 | O11: 1.7549836e-09 | P11: BOOTH | R11: =VLOOKUP(A11,衰变常数!$A$1:$H$3800,7,FALSE) -> 3.6632588e-06 | S11: 8.3143 | T11: 2.5e-18 | U11: 41870 | V11: 0 | W11: 0 | X11: 1e-05 | Y11: 8.8e-15 | Z11: 54000 | AA11: 0.6 | AB11: 480000 | AC11: 0.00025 | AD11: 3e-18 | AE11: 41870 | AF11: 6e-06 | AG11: 7e-07 | AH11: 5e-07 | AI11: 0 | AJ11: 0.03 | AK11: =AK$2 -> 1620 | AL11: =AK11+273.15 -> 1893.15 | AM11: =0.00016+0.0005*MAX(0,$AK11-1200)/(1620-1200) -> 0.00066 | AN11: =IF(AK11<1200,$X11,$AC11) -> 0.00025 | AO11: =IF($AK11<1200,$T11*EXP(-$U11/$S11/AL11)+$V11*EXP(-$W11/$S11/AL11),$Y11*EXP(-$Z11/$S11/AL11)+$AA11*EXP(-$AB11/$S11/AL11)) -> 3.4505088e-14 | AP11: =SQRT($R11*AN11*AN11/AO11) -> 2.5759192 | AQ11: =$R11*AM11*3/AP11*(IFERROR(COSH(AP11)/SINH(AP11),1)-1/AP11) -> 1.7554604e-09 | AR11: =$AD11*EXP(-$AE11/$S11/AL11) -> 2.0983103e-19 | AS11: =SQRT($R11*$AF11*$AF11/AR11) -> 25.069761 | AT11: =$R11*$AG11*3/AS11*(IFERROR(COSH(AS11)/SINH(AS11),1)-1/AS11) -> 2.9461733e-13 | AU11: =$AH11*EXP(-$AI11/$S11/AL11) -> 5e-07 | AV11: =SQRT($R11*$AJ11*$AJ11/AU11) -> 0.081202622 | AW11: =(AQ11+AT11)*3/AV11*(IFERROR(COSH(AV11)/SINH(AV11),1)-1/AV11) -> 1.7549836e-09 | AY11: Xe-133m | AZ11: 1.0915816e-11 | BA11: 1.7711621e-11 | BB11: 2.5721964e-11 | BC11: 3.459724e-11 | BD11: 3.59e-12 | BE11: 6.55e-12 | BF11: 1.09e-11 | BG11: 1.68e-11 | BH11: 2.44e-11 | BI11: 9.48e-11 | BJ11: 2.66e-10 | BK11: 8.28e-10 | BL11: 2.81e-09 | BM11: 2.81e-09 | BO11: =B11/AZ11 -> 0.3176837 | BP11: =C11/BA11 -> 0.3172287 | BQ11: =D11/BB11 -> 0.31672473 | BR11: =E11/BC11 -> 0.31618381 | BS11: =F11/BD11 -> 3.8712529 | BT11: =G11/BE11 -> 2.5869742 | BU11: =H11/BF11 -> 1.8366992 | BV11: =I11/BG11 -> 1.3737963 | ... CB11: =O11/BM11 -> 0.62454934 | CD11: 3.4654575e-12 | CE11: 5.6009062e-12 | CF11: 8.1339993e-12 | CG11: 1.0940608e-11 | CH11: 1.3924609e-11 | CI11: 1.7008493e-11 | CJ11: 2.0132539e-11 | CK11: 2.3252182e-11 | CL11: 3.8989998e-11 | CM11: 9.1786085e-11 | CN11: 2.4929993e-10 | CO11: 7.0825837e-10 | CP11: 1.7423047e-09 | CQ11: 1.7423047e-09 | CS11: =B11/CD11 -> 1.0006693 | CT11: =C11/CE11 -> 1.0031652 | CU11: =D11/CF11 -> 1.0015715 | CV11: =E11/CG11 -> 0.999861 | CW11: =F11/CH11 -> 0.99807454 | CX11: =G11/CI11 -> 0.99624826 | CY11: =H11/CJ11 -> 0.99441117 | CZ11: =I11/CK11 -> 0.99258544 | ... DF11: =O11/CQ11 -> 1.0072771
A12: Xe-135 | B12: 8.3081017e-12 | C12: 1.3470806e-11 | D12: 1.9548683e-11 | E12: 2.6273731e-11 | F12: 3.3413562e-11 | G12: 4.0781389e-11 | H12: 4.8233859e-11 | I12: 5.5664519e-11 | J12: 9.3000768e-11 | K12: 2.2040252e-10 | L12: 6.0471801e-10 | M12: 1.8082793e-09 | N12: 5.6457572e-09 | O12: 5.6457572e-09 | P12: BOOTH | R12: =VLOOKUP(A12,衰变常数!$A$1:$H$3800,7,FALSE) -> 2.1065742e-05 | S12: 8.3143 | T12: 2.5e-18 | U12: 41870 | V12: 0 | W12: 0 | X12: 1e-05 | Y12: 8.8e-15 | Z12: 54000 | AA12: 0.6 | AB12: 480000 | AC12: 0.00025 | AD12: 3e-18 | AE12: 41870 | AF12: 6e-06 | AG12: 7e-07 | AH12: 5e-07 | AI12: 0 | AJ12: 0.03 | AK12: =AK$2 -> 1620 | AL12: =AK12+273.15 -> 1893.15 | AM12: =0.00016+0.0005*MAX(0,$AK12-1200)/(1620-1200) -> 0.00066 | AN12: =IF(AK12<1200,$X12,$AC12) -> 0.00025 | AO12: =IF($AK12<1200,$T12*EXP(-$U12/$S12/AL12)+$V12*EXP(-$W12/$S12/AL12),$Y12*EXP(-$Z12/$S12/AL12)+$AA12*EXP(-$AB12/$S12/AL12)) -> 3.4505088e-14 | AP12: =SQRT($R12*AN12*AN12/AO12) -> 6.1771311 | AQ12: =$R12*AM12*3/AP12*(IFERROR(COSH(AP12)/SINH(AP12),1)-1/AP12) -> 5.65929e-09 | AR12: =$AD12*EXP(-$AE12/$S12/AL12) -> 2.0983103e-19 | AS12: =SQRT($R12*$AF12*$AF12/AR12) -> 60.118035 | AT12: =$R12*$AG12*3/AS12*(IFERROR(COSH(AS12)/SINH(AS12),1)-1/AS12) -> 7.2361323e-13 | AU12: =$AH12*EXP(-$AI12/$S12/AL12) -> 5e-07 | AV12: =SQRT($R12*$AJ12*$AJ12/AU12) -> 0.19472631 | AW12: =(AQ12+AT12)*3/AV12*(IFERROR(COSH(AV12)/SINH(AV12),1)-1/AV12) -> 5.6457572e-09 | AY12: Xe-135 | AZ12: 8.2951085e-12 | BA12: 1.3459352e-11 | BB12: 1.9546544e-11 | BC12: 2.6291013e-11 | BD12: 8.64e-12 | BE12: 1.58e-11 | BF12: 2.62e-11 | BG12: 4.04e-11 | BH12: 5.88e-11 | BI12: 2.29e-10 | BJ12: 6.41e-10 | BK12: 2e-09 | BL12: 6.77e-09 | BM12: 6.77e-09 | BO12: =B12/AZ12 -> 1.0015664 | BP12: =C12/BA12 -> 1.000851 | BQ12: =D12/BB12 -> 1.0001094 | BR12: =E12/BC12 -> 0.99934267 | BS12: =F12/BD12 -> 3.8673105 | BT12: =G12/BE12 -> 2.5811005 | BU12: =H12/BF12 -> 1.840987 | BV12: =I12/BG12 -> 1.3778346 | ... CB12: =O12/BM12 -> 0.83393755 | CD12: 8.2951085e-12 | CE12: 1.3459352e-11 | CF12: 1.9546544e-11 | CG12: 2.6291013e-11 | CH12: 3.3461767e-11 | CI12: 4.0872545e-11 | CJ12: 4.8379837e-11 | CK12: 5.5876549e-11 | CL12: 9.3695573e-11 | CM12: 2.2458874e-10 | CN12: 6.2105186e-10 | CO12: 1.8653147e-09 | CP12: 5.6298462e-09 | CQ12: 5.6298462e-09 | CS12: =B12/CD12 -> 1.0015664 | CT12: =C12/CE12 -> 1.000851 | CU12: =D12/CF12 -> 1.0001094 | CV12: =E12/CG12 -> 0.99934267 | CW12: =F12/CH12 -> 0.99855941 | CX12: =G12/CI12 -> 0.99776974 | CY12: =H12/CJ12 -> 0.99698265 | CZ12: =I12/CK12 -> 0.99620539 | ... DF12: =O12/CQ12 -> 1.0028262
A13: I-131 | B13: 2.9010969e-14 | C13: 1.2335837e-13 | D13: 3.7675325e-13 | E13: 9.1446819e-13 | F13: 1.8798051e-12 | G13: 3.4125126e-12 | H13: 5.6299776e-12 | I13: 8.614389e-12 | J13: 1.9532599e-11 | K13: 4.580465e-11 | L13: 1.1992063e-10 | M13: 3.064459e-10 | N13: 5.9156526e-10 | O13: 5.9156526e-10 | P13: BOOTH | R13: =VLOOKUP(A13,衰变常数!$A$1:$H$3800,7,FALSE) -> 9.9966812e-07 | S13: 8.3143 | T13: 2e-15 | U13: 125600 | V13: 0 | W13: 0 | X13: 1e-05 | Y13: 8.8e-15 | Z13: 54000 | AA13: 0.6 | AB13: 480000 | AC13: 0.00025 | AD13: 2e-18 | AE13: 83750 | AF13: 6e-06 | AG13: 7e-07 | AH13: 1.5e-07 | AI13: 0 | AJ13: 0.03 | AK13: =AK$2 -> 1620 | AL13: =AK13+273.15 -> 1893.15 | AM13: =0.00016+0.0005*MAX(0,$AK13-1200)/(1620-1200) -> 0.00066 | AN13: =IF(AK13<1200,$X13,$AC13) -> 0.00025 | AO13: =IF($AK13<1200,$T13*EXP(-$U13/$S13/AL13)+$V13*EXP(-$W13/$S13/AL13),$Y13*EXP(-$Z13/$S13/AL13)+$AA13*EXP(-$AB13/$S13/AL13)) -> 3.4505088e-14 | AP13: =SQRT($R13*AN13*AN13/AO13) -> 1.3456322 | AQ13: =$R13*AM13*3/AP13*(IFERROR(COSH(AP13)/SINH(AP13),1)-1/AP13) -> 5.9176774e-10 | AR13: =$AD13*EXP(-$AE13/$S13/AL13) -> 9.7780219e-21 | AS13: =SQRT($R13*$AF13*$AF13/AR13) -> 60.667161 | AT13: =$R13*$AG13*3/AS13*(IFERROR(COSH(AS13)/SINH(AS13),1)-1/AS13) -> 3.403323e-14 | AU13: =$AH13*EXP(-$AI13/$S13/AL13) -> 1.5e-07 | AV13: =SQRT($R13*$AJ13*$AJ13/AU13) -> 0.077446812 | AW13: =(AQ13+AT13)*3/AV13*(IFERROR(COSH(AV13)/SINH(AV13),1)-1/AV13) -> 5.9156526e-10 | AY13: I-131 | AZ13: 2.8901875e-14 | BA13: 1.2299243e-13 | BB13: 3.7598675e-13 | BC13: 9.1389578e-13 | BD13: 1.87e-12 | BE13: 3.42e-12 | BF13: 5.68e-12 | BG13: 8.77e-12 | BH13: 1.28e-11 | BI13: 4.96e-11 | BJ13: 1.39e-10 | BK13: 4.33e-10 | BL13: 1.47e-09 | BM13: 1.47e-09 | BO13: =B13/AZ13 -> 1.0037746 | BP13: =C13/BA13 -> 1.0029753 | BQ13: =D13/BB13 -> 1.0020386 | BR13: =E13/BC13 -> 1.0006263 | BS13: =F13/BD13 -> 1.0052434 | BT13: =G13/BE13 -> 0.9978107 | BU13: =H13/BF13 -> 0.99119325 | BV13: =I13/BG13 -> 0.98225644 | ... CB13: =O13/BM13 -> 0.40242535 | CD13: 2.8901875e-14 | CE13: 1.2299243e-13 | CF13: 3.7598675e-13 | CG13: 9.1389578e-13 | CH13: 1.8828345e-12 | CI13: 3.4296577e-12 | CJ13: 5.6858963e-12 | CK13: 8.7575511e-12 | CL13: 1.9499646e-11 | CM13: 4.6684282e-11 | CN13: 1.2318762e-10 | CO13: 3.1618518e-10 | CP13: 5.9000349e-10 | CQ13: 5.9000349e-10 | CS13: =B13/CD13 -> 1.0037746 | CT13: =C13/CE13 -> 1.0029753 | CU13: =D13/CF13 -> 1.0020386 | CV13: =E13/CG13 -> 1.0006263 | CW13: =F13/CH13 -> 0.99839108 | CX13: =G13/CI13 -> 0.99500093 | CY13: =H13/CJ13 -> 0.99016538 | CZ13: =I13/CK13 -> 0.98365272 | ... DF13: =O13/CQ13 -> 1.0026471
A14: I-132 | B14: 2.5737415e-13 | C14: 1.0945788e-12 | D14: 3.3445615e-12 | E14: 8.1261477e-12 | F14: 1.6734484e-11 | G14: 3.0466911e-11 | H14: 5.0477695e-11 | I14: 7.7684905e-11 | J14: 1.8012242e-10 | K14: 4.28663e-10 | L14: 1.1849086e-09 | M14: 3.6102418e-09 | N14: 1.1985879e-08 | O14: 1.1985879e-08 | P14: BOOTH | R14: =VLOOKUP(A14,衰变常数!$A$1:$H$3800,7,FALSE) -> 8.389581e-05 | S14: 8.3143 | T14: 2e-15 | U14: 125600 | V14: 0 | W14: 0 | X14: 1e-05 | Y14: 8.8e-15 | Z14: 54000 | AA14: 0.6 | AB14: 480000 | AC14: 0.00025 | AD14: 2e-18 | AE14: 83750 | AF14: 6e-06 | AG14: 7e-07 | AH14: 1.5e-07 | AI14: 0 | AJ14: 0.03 | AK14: =AK$2 -> 1620 | AL14: =AK14+273.15 -> 1893.15 | AM14: =0.00016+0.0005*MAX(0,$AK14-1200)/(1620-1200) -> 0.00066 | AN14: =IF(AK14<1200,$X14,$AC14) -> 0.00025 | AO14: =IF($AK14<1200,$T14*EXP(-$U14/$S14/AL14)+$V14*EXP(-$W14/$S14/AL14),$Y14*EXP(-$Z14/$S14/AL14)+$AA14*EXP(-$AB14/$S14/AL14)) -> 3.4505088e-14 | AP14: =SQRT($R14*AN14*AN14/AO14) -> 12.327317 | AQ14: =$R14*AM14*3/AP14*(IFERROR(COSH(AP14)/SINH(AP14),1)-1/AP14) -> 1.2382131e-08 | AR14: =$AD14*EXP(-$AE14/$S14/AL14) -> 9.7780219e-21 | AS14: =SQRT($R14*$AF14*$AF14/AR14) -> 555.771 | AT14: =$R14*$AG14*3/AS14*(IFERROR(COSH(AS14)/SINH(AS14),1)-1/AS14) -> 3.1643284e-13 | AU14: =$AH14*EXP(-$AI14/$S14/AL14) -> 1.5e-07 | AV14: =SQRT($R14*$AJ14*$AJ14/AU14) -> 0.70948915 | AW14: =(AQ14+AT14)*3/AV14*(IFERROR(COSH(AV14)/SINH(AV14),1)-1/AV14) -> 1.1985879e-08 | AY14: I-132 | AZ14: 2.5645416e-13 | BA14: 1.0913451e-12 | BB14: 3.3362322e-12 | BC14: 8.1092445e-12 | BD14: 1.72e-11 | BE14: 3.13e-11 | BF14: 5.21e-11 | BG14: 8.03e-11 | BH14: 1.17e-10 | BI14: 4.54e-10 | BJ14: 1.27e-09 | BK14: 3.97e-09 | BL14: 1.34e-08 | BM14: 1.34e-08 | BO14: =B14/AZ14 -> 1.0035873 | BP14: =C14/BA14 -> 1.002963 | BQ14: =D14/BB14 -> 1.0024966 | BR14: =E14/BC14 -> 1.0020844 | BS14: =F14/BD14 -> 0.9729351 | BT14: =G14/BE14 -> 0.97338373 | BU14: =H14/BF14 -> 0.96886171 | BV14: =I14/BG14 -> 0.96743344 | ... CB14: =O14/BM14 -> 0.89446862 | CD14: 2.5645416e-13 | CE14: 1.0913451e-12 | CF14: 3.3362322e-12 | CG14: 8.1092445e-12 | CH14: 1.67069e-11 | CI14: 3.0432281e-11 | CJ14: 5.0452496e-11 | CK14: 7.7708121e-11 | CL14: 1.807065e-10 | CM14: 4.3701441e-10 | CN14: 1.2174967e-09 | CO14: 3.7259178e-09 | CP14: 1.1958449e-08 | CQ14: 1.1958449e-08 | CS14: =B14/CD14 -> 1.0035873 | CT14: =C14/CE14 -> 1.002963 | CU14: =D14/CF14 -> 1.0024966 | CV14: =E14/CG14 -> 1.0020844 | CW14: =F14/CH14 -> 1.0016511 | CX14: =G14/CI14 -> 1.0011379 | CY14: =H14/CJ14 -> 1.0004995 | CZ14: =I14/CK14 -> 0.99970124 | ... DF14: =O14/CQ14 -> 1.0022938
A15: I-133 | B15: 8.7993955e-14 | C15: 3.7421078e-13 | D15: 1.1432949e-12 | E15: 2.7771349e-12 | F15: 5.7165233e-12 | G15: 1.0400163e-11 | H15: 1.7213182e-11 | I15: 2.6453548e-11 | J15: 6.1006454e-11 | K15: 1.4467777e-10 | L15: 3.9491715e-10 | M15: 1.158833e-09 | N15: 3.373066e-09 | O15: 3.373066e-09 | P15: BOOTH | R15: =VLOOKUP(A15,衰变常数!$A$1:$H$3800,7,FALSE) -> 9.2567732e-06 | S15: 8.3143 | T15: 2e-15 | U15: 125600 | V15: 0 | W15: 0 | X15: 1e-05 | Y15: 8.8e-15 | Z15: 54000 | AA15: 0.6 | AB15: 480000 | AC15: 0.00025 | AD15: 2e-18 | AE15: 83750 | AF15: 6e-06 | AG15: 7e-07 | AH15: 1.5e-07 | AI15: 0 | AJ15: 0.03 | AK15: =AK$2 -> 1620 | AL15: =AK15+273.15 -> 1893.15 | AM15: =0.00016+0.0005*MAX(0,$AK15-1200)/(1620-1200) -> 0.00066 | AN15: =IF(AK15<1200,$X15,$AC15) -> 0.00025 | AO15: =IF($AK15<1200,$T15*EXP(-$U15/$S15/AL15)+$V15*EXP(-$W15/$S15/AL15),$Y15*EXP(-$Z15/$S15/AL15)+$AA15*EXP(-$AB15/$S15/AL15)) -> 3.4505088e-14 | AP15: =SQRT($R15*AN15*AN15/AO15) -> 4.0947581 | AQ15: =$R15*AM15*3/AP15*(IFERROR(COSH(AP15)/SINH(AP15),1)-1/AP15) -> 3.385431e-09 | AR15: =$AD15*EXP(-$AE15/$S15/AL15) -> 9.7780219e-21 | AS15: =SQRT($R15*$AF15*$AF15/AR15) -> 184.61014 | AT15: =$R15*$AG15*3/AS15*(IFERROR(COSH(AS15)/SINH(AS15),1)-1/AS15) -> 1.047284e-13 | AU15: =$AH15*EXP(-$AI15/$S15/AL15) -> 1.5e-07 | AV15: =SQRT($R15*$AJ15*$AJ15/AU15) -> 0.23567062 | AW15: =(AQ15+AT15)*3/AV15*(IFERROR(COSH(AV15)/SINH(AV15),1)-1/AV15) -> 3.373066e-09 | AY15: I-133 | AZ15: 8.77918e-14 | BA15: 3.7359952e-13 | BB15: 1.1420904e-12 | BC15: 2.7760328e-12 | BD15: 5.71e-12 | BE15: 1.04e-11 | BF15: 1.73e-11 | BG15: 2.67e-11 | BH15: 3.89e-11 | BI15: 1.51e-10 | BJ15: 4.23e-10 | BK15: 1.32e-09 | BL15: 4.47e-09 | BM15: 4.47e-09 | BO15: =B15/AZ15 -> 1.0023027 | BP15: =C15/BA15 -> 1.0016361 | BQ15: =D15/BB15 -> 1.0010547 | BR15: =E15/BC15 -> 1.000397 | BS15: =F15/BD15 -> 1.0011424 | BT15: =G15/BE15 -> 1.0000156 | BU15: =H15/BF15 -> 0.9949816 | BV15: =I15/BG15 -> 0.99076959 | ... CB15: =O15/BM15 -> 0.7546009 | CD15: 8.77918e-14 | CE15: 3.7359952e-13 | CF15: 1.1420904e-12 | CG15: 2.7760328e-12 | CH15: 5.719263e-12 | CI15: 1.0417865e-11 | CJ15: 1.7271373e-11 | CK15: 2.6601775e-11 | CL15: 6.186115e-11 | CM15: 1.4768661e-10 | CN15: 4.0631503e-10 | CO15: 1.197649e-09 | CP15: 3.3710722e-09 | CQ15: 3.3710722e-09 | CS15: =B15/CD15 -> 1.0023027 | CT15: =C15/CE15 -> 1.0016361 | CU15: =D15/CF15 -> 1.0010547 | CV15: =E15/CG15 -> 1.000397 | CW15: =F15/CH15 -> 0.99952096 | CX15: =G15/CI15 -> 0.99830082 | CY15: =H15/CJ15 -> 0.99663076 | CZ15: =I15/CK15 -> 0.99442794 | ... DF15: =O15/CQ15 -> 1.0005915
A16: I-134 | B16: 3.9692418e-13 | C16: 1.6880807e-12 | D16: 5.1581612e-12 | E16: 1.2533165e-11 | F16: 2.5812197e-11 | G16: 4.7000187e-11 | H16: 7.7885408e-11 | I16: 1.1989737e-10 | J16: 2.7828021e-10 | K16: 6.6269909e-10 | L16: 1.836122e-09 | M16: 5.6325174e-09 | N16: 1.9108888e-08 | O16: 1.9108888e-08 | P16: BOOTH | R16: =VLOOKUP(A16,衰变常数!$A$1:$H$3800,7,FALSE) -> 0.00022004672 | S16: 8.3143 | T16: 2e-15 | U16: 125600 | V16: 0 | W16: 0 | X16: 1e-05 | Y16: 8.8e-15 | Z16: 54000 | AA16: 0.6 | AB16: 480000 | AC16: 0.00025 | AD16: 2e-18 | AE16: 83750 | AF16: 6e-06 | AG16: 7e-07 | AH16: 1.5e-07 | AI16: 0 | AJ16: 0.03 | AK16: =AK$2 -> 1620 | AL16: =AK16+273.15 -> 1893.15 | AM16: =0.00016+0.0005*MAX(0,$AK16-1200)/(1620-1200) -> 0.00066 | AN16: =IF(AK16<1200,$X16,$AC16) -> 0.00025 | AO16: =IF($AK16<1200,$T16*EXP(-$U16/$S16/AL16)+$V16*EXP(-$W16/$S16/AL16),$Y16*EXP(-$Z16/$S16/AL16)+$AA16*EXP(-$AB16/$S16/AL16)) -> 3.4505088e-14 | AP16: =SQRT($R16*AN16*AN16/AO16) -> 19.964383 | AQ16: =$R16*AM16*3/AP16*(IFERROR(COSH(AP16)/SINH(AP16),1)-1/AP16) -> 2.0730369e-08 | AR16: =$AD16*EXP(-$AE16/$S16/AL16) -> 9.7780219e-21 | AS16: =SQRT($R16*$AF16*$AF16/AR16) -> 900.08433 | AT16: =$R16*$AG16*3/AS16*(IFERROR(COSH(AS16)/SINH(AS16),1)-1/AS16) -> 5.1282387e-13 | AU16: =$AH16*EXP(-$AI16/$S16/AL16) -> 1.5e-07 | AV16: =SQRT($R16*$AJ16*$AJ16/AU16) -> 1.1490345 | AW16: =(AQ16+AT16)*3/AV16*(IFERROR(COSH(AV16)/SINH(AV16),1)-1/AV16) -> 1.9108888e-08 | AY16: I-134 | AZ16: 3.9590184e-13 | BA16: 1.6847671e-12 | BB16: 5.150318e-12 | BC16: 1.2518669e-11 | BD16: 2.78e-11 | BE16: 5.08e-11 | BF16: 8.44e-11 | BG16: 1.3e-10 | BH16: 1.89e-10 | BI16: 7.36e-10 | BJ16: 2.06e-09 | BK16: 6.43e-09 | BL16: 2.18e-08 | BM16: 2.18e-08 | BO16: =B16/AZ16 -> 1.0025823 | BP16: =C16/BA16 -> 1.0019668 | BQ16: =D16/BB16 -> 1.0015229 | BR16: =E16/BC16 -> 1.0011579 | BS16: =F16/BD16 -> 0.9284963 | BT16: =G16/BE16 -> 0.92520053 | BU16: =H16/BF16 -> 0.9228129 | BV16: =I16/BG16 -> 0.92228746 | ... CB16: =O16/BM16 -> 0.87655449 | CD16: 3.9590184e-13 | CE16: 1.6847671e-12 | CF16: 5.150318e-12 | CG16: 1.2518669e-11 | CH16: 2.5791324e-11 | CI16: 4.697992e-11 | CJ16: 7.7886185e-11 | CK16: 1.1996213e-10 | CL16: 2.7896618e-10 | CM16: 6.7629258e-10 | CN16: 1.8885308e-09 | CO16: 5.8189356e-09 | CP16: 1.9085363e-08 | CQ16: 1.9085363e-08 | CS16: =B16/CD16 -> 1.0025823 | CT16: =C16/CE16 -> 1.0019668 | CU16: =D16/CF16 -> 1.0015229 | CV16: =E16/CG16 -> 1.0011579 | CW16: =F16/CH16 -> 1.0008093 | CX16: =G16/CI16 -> 1.0004314 | CY16: =H16/CJ16 -> 0.99999003 | CZ16: =I16/CK16 -> 0.99946014 | ... DF16: =O16/CQ16 -> 1.0012326
A17: I-135 | B17: 1.5533591e-13 | C17: 6.6061368e-13 | D17: 2.0184707e-12 | E17: 4.9037827e-12 | F17: 1.0097005e-11 | G17: 1.8378191e-11 | H17: 3.0438214e-11 | I17: 4.6821498e-11 | J17: 1.0836146e-10 | K17: 2.5757458e-10 | L17: 7.0894851e-10 | M17: 2.1330727e-09 | N17: 6.7921121e-09 | O17: 6.7921121e-09 | P17: BOOTH | R17: =VLOOKUP(A17,衰变常数!$A$1:$H$3800,7,FALSE) -> 2.9306071e-05 | S17: 8.3143 | T17: 2e-15 | U17: 125600 | V17: 0 | W17: 0 | X17: 1e-05 | Y17: 8.8e-15 | Z17: 54000 | AA17: 0.6 | AB17: 480000 | AC17: 0.00025 | AD17: 2e-18 | AE17: 83750 | AF17: 6e-06 | AG17: 7e-07 | AH17: 1.5e-07 | AI17: 0 | AJ17: 0.03 | AK17: =AK$2 -> 1620 | AL17: =AK17+273.15 -> 1893.15 | AM17: =0.00016+0.0005*MAX(0,$AK17-1200)/(1620-1200) -> 0.00066 | AN17: =IF(AK17<1200,$X17,$AC17) -> 0.00025 | AO17: =IF($AK17<1200,$T17*EXP(-$U17/$S17/AL17)+$V17*EXP(-$W17/$S17/AL17),$Y17*EXP(-$Z17/$S17/AL17)+$AA17*EXP(-$AB17/$S17/AL17)) -> 3.4505088e-14 | AP17: =SQRT($R17*AN17*AN17/AO17) -> 7.2857998 | AQ17: =$R17*AM17*3/AP17*(IFERROR(COSH(AP17)/SINH(AP17),1)-1/AP17) -> 6.8711485e-09 | AR17: =$AD17*EXP(-$AE17/$S17/AL17) -> 9.7780219e-21 | AS17: =SQRT($R17*$AF17*$AF17/AR17) -> 328.47668 | AT17: =$R17*$AG17*3/AS17*(IFERROR(COSH(AS17)/SINH(AS17),1)-1/AS17) -> 1.8678766e-13 | AU17: =$AH17*EXP(-$AI17/$S17/AL17) -> 1.5e-07 | AV17: =SQRT($R17*$AJ17*$AJ17/AU17) -> 0.41932854 | AW17: =(AQ17+AT17)*3/AV17*(IFERROR(COSH(AV17)/SINH(AV17),1)-1/AV17) -> 6.7921121e-09 | AY17: I-135 | AZ17: 1.5337667e-13 | BA17: 6.5269705e-13 | BB17: 1.995289e-12 | BC17: 4.8498682e-12 | BD17: 1.01e-11 | BE17: 1.84e-11 | BF17: 3.05e-11 | BG17: 4.7e-11 | BH17: 6.84e-11 | BI17: 2.66e-10 | BJ17: 7.46e-10 | BK17: 2.32e-09 | BL17: 7.87e-09 | BM17: 7.87e-09 | BO17: =B17/AZ17 -> 1.0127741 | BP17: =C17/BA17 -> 1.0121291 | BQ17: =D17/BB17 -> 1.0116182 | BR17: =E17/BC17 -> 1.0111167 | BS17: =F17/BD17 -> 0.99970344 | BT17: =G17/BE17 -> 0.99881473 | BU17: =H17/BF17 -> 0.99797423 | BV17: =I17/BG17 -> 0.99620209 | ... CB17: =O17/BM17 -> 0.86303839 | CD17: 1.5337667e-13 | CE17: 6.5269705e-13 | CF17: 1.995289e-12 | CG17: 4.8498682e-12 | CH17: 9.9918386e-12 | CI17: 1.820053e-11 | CJ17: 3.0173953e-11 | CK17: 4.6474631e-11 | CL17: 1.0807452e-10 | CM17: 2.6018285e-10 | CN17: 7.2169219e-10 | CO17: 2.1803779e-09 | CP17: 6.7051242e-09 | CQ17: 6.7051242e-09 | CS17: =B17/CD17 -> 1.0127741 | CT17: =C17/CE17 -> 1.0121291 | CU17: =D17/CF17 -> 1.0116182 | CV17: =E17/CG17 -> 1.0111167 | CW17: =F17/CH17 -> 1.0105252 | CX17: =G17/CI17 -> 1.0097613 | CY17: =H17/CJ17 -> 1.0087579 | CZ17: =I17/CK17 -> 1.0074636 | ... DF17: =O17/CQ17 -> 1.0129733
A18: Sr-89 | B18: =AZ18 -> 4.167e-21 | C18: =BA18 -> 4.167e-21 | D18: =BB18 -> 4.167e-21 | E18: =BC18 -> 3.041e-19 | F18: =BD18 -> 9.908e-18 | G18: =BE18 -> 9.45e-17 | H18: =BF18 -> 5.07e-16 | I18: =BG18 -> 3.12e-15 | ... O18: =BM18 -> 1.448e-12 | P18: Fresco-II | R18: =VLOOKUP(A18,衰变常数!$A$1:$H$3800,7,FALSE) -> 1.587678e-07 | AY18: Sr-89 | AZ18: 4.167e-21 | BA18: 4.167e-21 | BB18: 4.167e-21 | BC18: 3.041e-19 | BD18: 9.908e-18 | BE18: 9.45e-17 | BF18: 5.07e-16 | BG18: 3.12e-15 | BH18: 1.58e-14 | BI18: 8.74e-14 | BJ18: 2.35e-13 | BK18: 1.04e-12 | BL18: 1.36e-12 | BM18: 1.448e-12
A19: Sr-90 | B19: =AZ19 -> 4.167e-21 | C19: =BA19 -> 4.167e-21 | D19: =BB19 -> 4.167e-21 | E19: =BC19 -> 3.037e-19 | F19: =BD19 -> 9.496e-18 | G19: =BE19 -> 9.06e-17 | H19: =BF19 -> 4.86e-16 | I19: =BG19 -> 3e-15 | ... O19: =BM19 -> 1.482e-12 | P19: Fresco-II | R19: =VLOOKUP(A19,衰变常数!$A$1:$H$3800,7,FALSE) -> 7.6292146e-10 | AY19: Sr-90 | AZ19: 4.167e-21 | BA19: 4.167e-21 | BB19: 4.167e-21 | BC19: 3.037e-19 | BD19: 9.496e-18 | BE19: 9.06e-17 | BF19: 4.86e-16 | BG19: 3e-15 | BH19: 1.52e-14 | BI19: 8.45e-14 | BJ19: 2.3e-13 | BK19: 1.04e-12 | BL19: 1.38e-12 | BM19: 1.482e-12
A20: Cs-134 | B20: =AZ20 -> 3.321e-16 | C20: =BA20 -> 3.321e-16 | D20: =BB20 -> 3.321e-16 | E20: =BC20 -> 1.455e-15 | F20: =BD20 -> 3.91e-14 | G20: =BE20 -> 1.39e-13 | H20: =BF20 -> 4.17e-13 | I20: =BG20 -> 1.11e-12 | ... O20: =BM20 -> 4.566e-09 | P20: Fresco-II | R20: =VLOOKUP(A20,衰变常数!$A$1:$H$3800,7,FALSE) -> 1.0635535e-08 | AY20: Cs-134 | AZ20: 3.321e-16 | BA20: 3.321e-16 | BB20: 3.321e-16 | BC20: 1.455e-15 | BD20: 3.91e-14 | BE20: 1.39e-13 | BF20: 4.17e-13 | BG20: 1.11e-12 | BH20: 2.85e-12 | BI20: 9.77e-12 | BJ20: 3.05e-11 | BK20: 8.37e-10 | BL20: 3.42e-09 | BM20: 4.566e-09
A21: Cs-137 | B21: =AZ21 -> 2.948e-16 | C21: =BA21 -> 2.948e-16 | D21: =BB21 -> 2.948e-16 | E21: =BC21 -> 1.273e-15 | F21: =BD21 -> 4.496e-14 | G21: =BE21 -> 1.59e-13 | H21: =BF21 -> 4.17e-13 | I21: =BG21 -> 1.3e-12 | ... O21: =BM21 -> 4.563e-09 | P21: Fresco-II | R21: =VLOOKUP(A21,衰变常数!$A$1:$H$3800,7,FALSE) -> 7.3020309e-10 | AY21: Cs-137 | AZ21: 2.948e-16 | BA21: 2.948e-16 | BB21: 2.948e-16 | BC21: 1.273e-15 | BD21: 4.496e-14 | BE21: 1.59e-13 | BF21: 4.17e-13 | BG21: 1.3e-12 | BH21: 3.33e-12 | BI21: 1.13e-11 | BJ21: 3.4e-11 | BK21: 8.63e-10 | BL21: 3.44e-09 | BM21: 4.563e-09
A22: Ag-110m | B22: =AZ22 -> 1.39e-15 | C22: =BA22 -> 1.39e-15 | D22: =BB22 -> 1.39e-15 | E22: =BC22 -> 2.254e-13 | F22: =BD22 -> 1.923e-12 | G22: =BE22 -> 1.27e-11 | H22: =BF22 -> 5.28e-11 | I22: =BG22 -> 2.34e-10 | ... O22: =BM22 -> 4.89e-07 | P22: Fresco-II | R22: =VLOOKUP(A22,衰变常数!$A$1:$H$3800,7,FALSE) -> 3.2120989e-08 | AY22: Ag-110m | AZ22: 1.39e-15 | BA22: 1.39e-15 | BB22: 1.39e-15 | BC22: 2.254e-13 | BD22: 1.923e-12 | BE22: 1.27e-11 | BF22: 5.28e-11 | BG22: 2.34e-10 | BH22: 1.18e-09 | BI22: 4.08e-09 | BJ22: 5.9e-09 | BK22: 8.01e-09 | BL22: 5.84e-08 | BM22: 4.89e-07
A23: H-3 | B23: 0 | C23: 0 | D23: 0 | E23: 0 | F23: 0 | G23: 0 | H23: 0 | I23: 0 | J23: 0 | K23: 0 | L23: 0 | M23: 0 | N23: 0 | O23: 0 | R23: =VLOOKUP(A23,衰变常数!$A$1:$H$3800,7,FALSE) -> 1.7828336e-09
A24: C-14 | B24: 0 | C24: 0 | D24: 0 | E24: 0 | F24: 0 | G24: 0 | H24: 0 | I24: 0 | J24: 0 | K24: 0 | L24: 0 | M24: 0 | N24: 0 | O24: 0 | R24: =VLOOKUP(A24,衰变常数!$A$1:$H$3800,7,FALSE) -> 3.8534294e-12
A25: Co-60 | B25: 0 | C25: 0 | D25: 0 | E25: 0 | F25: 0 | G25: 0 | H25: 0 | I25: 0 | J25: 0 | K25: 0 | L25: 0 | M25: 0 | N25: 0 | O25: 0 | R25: =VLOOKUP(A25,衰变常数!$A$1:$H$3800,7,FALSE) -> 4.1669453e-09
A26: Ar-41 | B26: 0 | C26: 0 | D26: 0 | E26: 0 | F26: 0 | G26: 0 | H26: 0 | I26: 0 | J26: 0 | K26: 0 | L26: 0 | M26: 0 | N26: 0 | O26: 0 | R26: =VLOOKUP(A26,衰变常数!$A$1:$H$3800,7,FALSE) -> 0.00010539598

Sheet DN65-事故进程
A1: 事故进程数据(堆芯温度）-郑艳华 | K1: 插值-获取体积均匀位置-径向 | N1: N_A | O1: 20 | X1: 统计温度份额
A2: DN65-FESTSTOFF TEMP-zhengyanhua-20231218 | N2: N_R | O2: 10 | AG2: PM数据
A3: 0h | X3: 温度/C | Y3: =A3 -> 0h | Z3: =A26 -> 2h | AA3: =A49 -> 8h | AB3: =A72 -> 24h | AC3: =A95 -> 48h | AD3: =A118 -> 72h | AE3: =A141 -> 96h | AG3: 温度,C | AH3: DN65,8h | AI3: DN65,24h | AJ3: dn65,48h | AK3: dn65,72h
A4: R/Z[cm] | B4: 17.68 | C4: 31.58 | D4: 54.25 | E4: 82.31 | F4: 106.26 | G4: 125.73 | H4: 142.56 | I4: 150.78 | K4: =A4 -> R/Z[cm] | L4: 0 | M4: =SQRT(L4*L4+150*150/10) -> 47.434165 | N4: =SQRT(M4*M4+150*150/10) -> 67.082039 | O4: =SQRT(N4*N4+150*150/10) -> 82.158384 | P4: =SQRT(O4*O4+150*150/10) -> 94.86833 | Q4: =SQRT(P4*P4+150*150/10) -> 106.06602 | R4: =SQRT(Q4*Q4+150*150/10) -> 116.1895 | S4: =SQRT(R4*R4+150*150/10) -> 125.499 | T4: =SQRT(S4*S4+150*150/10) -> 134.16408 | ... V4: =SQRT(U4*U4+150*150/10) -> 150 | X4: 0
A5: 27.5 | B5: 280.89 | C5: 280.56 | D5: 279.65 | E5: 278.05 | F5: 276.31 | G5: 274.93 | H5: 274.66 | I5: 270.37 | K5: =A5 -> 27.5 | L5: =TREND(B5:C5,B$4:C$4,L$4) -> 281.30974 | M5: =TREND(C5:D5,C$4:D$4,M$4) -> 279.9236 | N5: =TREND(D5:E5,D$4:E$4,N$4) -> 278.91831 | O5: =TREND(D5:E5,D$4:E$4,O$4) -> 278.05865 | P5: =TREND(E5:F5,E$4:F$4,P$4) -> 277.13762 | Q5: =TREND(E5:F5,E$4:F$4,Q$4) -> 276.32409 | R5: =TREND(F5:G5,F$4:G$4,R$4) -> 275.60621 | S5: =TREND(F5:G5,F$4:G$4,S$4) -> 274.94637 | T5: =TREND(G5:H5,G$4:H$4,T$4) -> 274.79469 | U5: =TREND(G5:H5,G$4:H$4,U$4) -> 274.66413 | V5: =TREND(H5:I5,H$4:I$4,V$4) -> 270.77708 | X5: 400 | Y5: =COUNTIFS(OFFSET($L$5,0,0,$O$1,$O$2),"<="&($X5),OFFSET($L$5,0,0,$O$1,$O$2),">"&($X4))/$O$1/$O$2 -> 0.225 | Z5: =COUNTIFS(OFFSET($L$28,0,0,$O$1,$O$2),"<="&($X5),OFFSET($L$28,0,0,$O$1,$O$2),">"&($X4))/$O$1/$O$2 -> 0.07 | AA5: =COUNTIFS(OFFSET($L$51,0,0,$O$1,$O$2),"<="&($X5),OFFSET($L$51,0,0,$O$1,$O$2),">"&($X4))/$O$1/$O$2 -> 0.01 | AB5: =COUNTIFS(OFFSET($L$74,0,0,$O$1,$O$2),"<="&($X5),OFFSET($L$74,0,0,$O$1,$O$2),">"&($X4))/$O$1/$O$2 -> 0.005 | AC5: =COUNTIFS(OFFSET($L$97,0,0,$O$1,$O$2),"<="&($X5),OFFSET($L$97,0,0,$O$1,$O$2),">"&($X4))/$O$1/$O$2 -> 0 | AD5: =COUNTIFS(OFFSET($L$120,0,0,$O$1,$O$2),"<="&($X5),OFFSET($L$120,0,0,$O$1,$O$2),">"&($X4))/$O$1/$O$2 -> 0 | AE5: =COUNTIFS(OFFSET($L$143,0,0,$O$1,$O$2),"<="&($X5),OFFSET($L$143,0,0,$O$1,$O$2),">"&($X4))/$O$1/$O$2 -> 0 | AG5: 400
A6: 82.5 | B6: 310.73 | C6: 309.79 | D6: 307.32 | E6: 302.79 | F6: 297.88 | G6: 294.08 | H6: 292.75 | I6: 283.93 | K6: =A6 -> 82.5 | L6: =TREND(B6:C6,B$4:C$4,L$4) -> 311.92563 | M6: =TREND(C6:D6,C$4:D$4,M$4) -> 308.06262 | N6: =TREND(D6:E6,D$4:E$4,N$4) -> 305.2484 | O6: =TREND(D6:E6,D$4:E$4,O$4) -> 302.81448 | P6: =TREND(E6:F6,E$4:F$4,P$4) -> 300.21541 | Q6: =TREND(E6:F6,E$4:F$4,Q$4) -> 297.91977 | R6: =TREND(F6:G6,F$4:G$4,R$4) -> 295.94204 | S6: =TREND(F6:G6,F$4:G$4,S$4) -> 294.12508 | T6: =TREND(G6:H6,G$4:H$4,T$4) -> 293.41349 | U6: =TREND(G6:H6,G$4:H$4,U$4) -> 292.77035 | V6: =TREND(H6:I6,H$4:I$4,V$4) -> 284.76693 | X6: 500 | Y6: =COUNTIFS(OFFSET($L$5,0,0,$O$1,$O$2),"<="&($X6),OFFSET($L$5,0,0,$O$1,$O$2),">"&($X5))/$O$1/$O$2 -> 0.095 | Z6: =COUNTIFS(OFFSET($L$28,0,0,$O$1,$O$2),"<="&($X6),OFFSET($L$28,0,0,$O$1,$O$2),">"&($X5))/$O$1/$O$2 -> 0.075 | AA6: =COUNTIFS(OFFSET($L$51,0,0,$O$1,$O$2),"<="&($X6),OFFSET($L$51,0,0,$O$1,$O$2),">"&($X5))/$O$1/$O$2 -> 0.045 | AB6: =COUNTIFS(OFFSET($L$74,0,0,$O$1,$O$2),"<="&($X6),OFFSET($L$74,0,0,$O$1,$O$2),">"&($X5))/$O$1/$O$2 -> 0.025 | AC6: =COUNTIFS(OFFSET($L$97,0,0,$O$1,$O$2),"<="&($X6),OFFSET($L$97,0,0,$O$1,$O$2),">"&($X5))/$O$1/$O$2 -> 0.01 | AD6: =COUNTIFS(OFFSET($L$120,0,0,$O$1,$O$2),"<="&($X6),OFFSET($L$120,0,0,$O$1,$O$2),">"&($X5))/$O$1/$O$2 -> 0.01 | AE6: =COUNTIFS(OFFSET($L$143,0,0,$O$1,$O$2),"<="&($X6),OFFSET($L$143,0,0,$O$1,$O$2),">"&($X5))/$O$1/$O$2 -> 0.01 | AG6: 500
A7: 137.5 | B7: 349.36 | C7: 347.62 | D7: 343.16 | E7: 335.01 | F7: 326.28 | G7: 319.56 | H7: 316.87 | I7: 304.88 | K7: =A7 -> 137.5 | L7: =TREND(B7:C7,B$4:C$4,L$4) -> 351.57318 | M7: =TREND(C7:D7,C$4:D$4,M$4) -> 344.50092 | N7: =TREND(D7:E7,D$4:E$4,N$4) -> 339.43295 | O7: =TREND(D7:E7,D$4:E$4,O$4) -> 335.05404 | P7: =TREND(E7:F7,E$4:F$4,P$4) -> 330.43237 | Q7: =TREND(E7:F7,E$4:F$4,Q$4) -> 326.35071 | R7: =TREND(F7:G7,F$4:G$4,R$4) -> 322.85287 | S7: =TREND(F7:G7,F$4:G$4,S$4) -> 319.63973 | T7: =TREND(G7:H7,G$4:H$4,T$4) -> 318.21195 | U7: =TREND(G7:H7,G$4:H$4,U$4) -> 316.91116 | V7: =TREND(H7:I7,H$4:I$4,V$4) -> 306.01774 | X7: 600 | Y7: =COUNTIFS(OFFSET($L$5,0,0,$O$1,$O$2),"<="&($X7),OFFSET($L$5,0,0,$O$1,$O$2),">"&($X6))/$O$1/$O$2 -> 0.1 | Z7: =COUNTIFS(OFFSET($L$28,0,0,$O$1,$O$2),"<="&($X7),OFFSET($L$28,0,0,$O$1,$O$2),">"&($X6))/$O$1/$O$2 -> 0.085 | AA7: =COUNTIFS(OFFSET($L$51,0,0,$O$1,$O$2),"<="&($X7),OFFSET($L$51,0,0,$O$1,$O$2),">"&($X6))/$O$1/$O$2 -> 0.055 | AB7: =COUNTIFS(OFFSET($L$74,0,0,$O$1,$O$2),"<="&($X7),OFFSET($L$74,0,0,$O$1,$O$2),">"&($X6))/$O$1/$O$2 -> 0.075 | AC7: =COUNTIFS(OFFSET($L$97,0,0,$O$1,$O$2),"<="&($X7),OFFSET($L$97,0,0,$O$1,$O$2),">"&($X6))/$O$1/$O$2 -> 0.06 | AD7: =COUNTIFS(OFFSET($L$120,0,0,$O$1,$O$2),"<="&($X7),OFFSET($L$120,0,0,$O$1,$O$2),">"&($X6))/$O$1/$O$2 -> 0.06 | AE7: =COUNTIFS(OFFSET($L$143,0,0,$O$1,$O$2),"<="&($X7),OFFSET($L$143,0,0,$O$1,$O$2),">"&($X6))/$O$1/$O$2 -> 0.07 | AG7: 600 | AH7: 0.2366 | AI7: 0.1263 | AJ7: 0.1156 | AK7: 0.1156
A8: 192.5 | B8: 395.14 | C8: 392.45 | D8: 385.74 | E8: 373.61 | F8: 360.68 | G8: 350.76 | H8: 346.58 | I8: 330.95 | K8: =A8 -> 192.5 | L8: =TREND(B8:C8,B$4:C$4,L$4) -> 398.56153 | M8: =TREND(C8:D8,C$4:D$4,M$4) -> 387.75739 | N8: =TREND(D8:E8,D$4:E$4,N$4) -> 380.19286 | O8: =TREND(D8:E8,D$4:E$4,O$4) -> 373.67554 | P8: =TREND(E8:F8,E$4:F$4,P$4) -> 366.83007 | Q8: =TREND(E8:F8,E$4:F$4,Q$4) -> 360.78473 | R8: =TREND(F8:G8,F$4:G$4,R$4) -> 355.6209 | S8: =TREND(F8:G8,F$4:G$4,S$4) -> 350.87769 | T8: =TREND(G8:H8,G$4:H$4,T$4) -> 348.66526 | U8: =TREND(G8:H8,G$4:H$4,U$4) -> 346.64396 | V8: =TREND(H8:I8,H$4:I$4,V$4) -> 332.43314 | X8: 700 | Y8: =COUNTIFS(OFFSET($L$5,0,0,$O$1,$O$2),"<="&($X8),OFFSET($L$5,0,0,$O$1,$O$2),">"&($X7))/$O$1/$O$2 -> 0.135 | Z8: =COUNTIFS(OFFSET($L$28,0,0,$O$1,$O$2),"<="&($X8),OFFSET($L$28,0,0,$O$1,$O$2),">"&($X7))/$O$1/$O$2 -> 0.13 | AA8: =COUNTIFS(OFFSET($L$51,0,0,$O$1,$O$2),"<="&($X8),OFFSET($L$51,0,0,$O$1,$O$2),">"&($X7))/$O$1/$O$2 -> 0.095 | AB8: =COUNTIFS(OFFSET($L$74,0,0,$O$1,$O$2),"<="&($X8),OFFSET($L$74,0,0,$O$1,$O$2),">"&($X7))/$O$1/$O$2 -> 0.075 | AC8: =COUNTIFS(OFFSET($L$97,0,0,$O$1,$O$2),"<="&($X8),OFFSET($L$97,0,0,$O$1,$O$2),">"&($X7))/$O$1/$O$2 -> 0.075 | AD8: =COUNTIFS(OFFSET($L$120,0,0,$O$1,$O$2),"<="&($X8),OFFSET($L$120,0,0,$O$1,$O$2),">"&($X7))/$O$1/$O$2 -> 0.085 | AE8: =COUNTIFS(OFFSET($L$143,0,0,$O$1,$O$2),"<="&($X8),OFFSET($L$143,0,0,$O$1,$O$2),">"&($X7))/$O$1/$O$2 -> 0.085 | AG8: 700 | AH8: 0.1616 | AI8: 0.1121 | AJ8: 0.0832 | AK8: 0.0878
A9: 241.5 | B9: 440.29 | C9: 436.65 | D9: 427.88 | E9: 412.28 | F9: 395.78 | G9: 383.35 | H9: 378.2 | I9: 358.93 | K9: =A9 -> 241.5 | L9: =TREND(B9:C9,B$4:C$4,L$4) -> 444.91987 | M9: =TREND(C9:D9,C$4:D$4,M$4) -> 430.51674 | N9: =TREND(D9:E9,D$4:E$4,N$4) -> 420.74601 | O9: =TREND(D9:E9,D$4:E$4,O$4) -> 412.36429 | P9: =TREND(E9:F9,E$4:F$4,P$4) -> 403.62812 | Q9: =TREND(E9:F9,E$4:F$4,Q$4) -> 395.91364 | R9: =TREND(F9:G9,F$4:G$4,R$4) -> 389.44083 | S9: =TREND(F9:G9,F$4:G$4,S$4) -> 383.49747 | T9: =TREND(G9:H9,G$4:H$4,T$4) -> 380.76916 | U9: =TREND(G9:H9,G$4:H$4,U$4) -> 378.2788 | V9: =TREND(H9:I9,H$4:I$4,V$4) -> 360.75854 | X9: 800 | Y9: =COUNTIFS(OFFSET($L$5,0,0,$O$1,$O$2),"<="&($X9),OFFSET($L$5,0,0,$O$1,$O$2),">"&($X8))/$O$1/$O$2 -> 0.205 | Z9: =COUNTIFS(OFFSET($L$28,0,0,$O$1,$O$2),"<="&($X9),OFFSET($L$28,0,0,$O$1,$O$2),">"&($X8))/$O$1/$O$2 -> 0.13 | AA9: =COUNTIFS(OFFSET($L$51,0,0,$O$1,$O$2),"<="&($X9),OFFSET($L$51,0,0,$O$1,$O$2),">"&($X8))/$O$1/$O$2 -> 0.145 | AB9: =COUNTIFS(OFFSET($L$74,0,0,$O$1,$O$2),"<="&($X9),OFFSET($L$74,0,0,$O$1,$O$2),">"&($X8))/$O$1/$O$2 -> 0.12 | AC9: =COUNTIFS(OFFSET($L$97,0,0,$O$1,$O$2),"<="&($X9),OFFSET($L$97,0,0,$O$1,$O$2),">"&($X8))/$O$1/$O$2 -> 0.075 | AD9: =COUNTIFS(OFFSET($L$120,0,0,$O$1,$O$2),"<="&($X9),OFFSET($L$120,0,0,$O$1,$O$2),">"&($X8))/$O$1/$O$2 -> 0.075 | AE9: =COUNTIFS(OFFSET($L$143,0,0,$O$1,$O$2),"<="&($X9),OFFSET($L$143,0,0,$O$1,$O$2),">"&($X8))/$O$1/$O$2 -> 0.095 | AG9: 800 | AH9: 0.134 | AI9: 0.163 | AJ9: 0.1064 | AK9: 0.1102
A10: 296.5 | B10: 499.84 | C10: 495.05 | D10: 483.75 | E10: 464.01 | F10: 443.62 | G10: 429.12 | H10: 423.34 | I10: 391.86 | K10: =A10 -> 296.5 | L10: =TREND(B10:C10,B$4:C$4,L$4) -> 505.9326 | M10: =TREND(C10:D10,C$4:D$4,M$4) -> 487.14739 | N10: =TREND(D10:E10,D$4:E$4,N$4) -> 474.72276 | O10: =TREND(D10:E10,D$4:E$4,O$4) -> 464.11666 | P10: =TREND(E10:F10,E$4:F$4,P$4) -> 453.31838 | Q10: =TREND(E10:F10,E$4:F$4,Q$4) -> 443.78515 | R10: =TREND(F10:G10,F$4:G$4,R$4) -> 436.22515 | S10: =TREND(F10:G10,F$4:G$4,S$4) -> 429.29203 | T10: =TREND(G10:H10,G$4:H$4,T$4) -> 426.22345 | U10: =TREND(G10:H10,G$4:H$4,U$4) -> 423.42844 | V10: =TREND(H10:I10,H$4:I$4,V$4) -> 394.84715 | X10: 900 | Y10: =COUNTIFS(OFFSET($L$5,0,0,$O$1,$O$2),"<="&($X10),OFFSET($L$5,0,0,$O$1,$O$2),">"&($X9))/$O$1/$O$2 -> 0.18 | Z10: =COUNTIFS(OFFSET($L$28,0,0,$O$1,$O$2),"<="&($X10),OFFSET($L$28,0,0,$O$1,$O$2),">"&($X9))/$O$1/$O$2 -> 0.17 | AA10: =COUNTIFS(OFFSET($L$51,0,0,$O$1,$O$2),"<="&($X10),OFFSET($L$51,0,0,$O$1,$O$2),">"&($X9))/$O$1/$O$2 -> 0.14 | AB10: =COUNTIFS(OFFSET($L$74,0,0,$O$1,$O$2),"<="&($X10),OFFSET($L$74,0,0,$O$1,$O$2),">"&($X9))/$O$1/$O$2 -> 0.14 | AC10: =COUNTIFS(OFFSET($L$97,0,0,$O$1,$O$2),"<="&($X10),OFFSET($L$97,0,0,$O$1,$O$2),">"&($X9))/$O$1/$O$2 -> 0.11 | AD10: =COUNTIFS(OFFSET($L$120,0,0,$O$1,$O$2),"<="&($X10),OFFSET($L$120,0,0,$O$1,$O$2),">"&($X9))/$O$1/$O$2 -> 0.115 | AE10: =COUNTIFS(OFFSET($L$143,0,0,$O$1,$O$2),"<="&($X10),OFFSET($L$143,0,0,$O$1,$O$2),">"&($X9))/$O$1/$O$2 -> 0.105 | AG10: 900 | AH10: 0.1599 | AI10: 0.1408 | AJ10: 0.1704 | AK10: 0.1573
A11: 357.5 | B11: 561.89 | C11: 555.9 | D11: 542.07 | E11: 518.34 | F11: 494.26 | G11: 477.45 | H11: 470.72 | I11: 439.49 | K11: =A11 -> 357.5 | L11: =TREND(B11:C11,B$4:C$4,L$4) -> 569.50894 | M11: =TREND(C11:D11,C$4:D$4,M$4) -> 546.22805 | N11: =TREND(D11:E11,D$4:E$4,N$4) -> 531.2181 | O11: =TREND(D11:E11,D$4:E$4,O$4) -> 518.46822 | P11: =TREND(E11:F11,E$4:F$4,P$4) -> 505.7135 | Q11: =TREND(E11:F11,E$4:F$4,Q$4) -> 494.45504 | R11: =TREND(F11:G11,F$4:G$4,R$4) -> 485.68707 | S11: =TREND(F11:G11,F$4:G$4,S$4) -> 477.64944 | T11: =TREND(G11:H11,G$4:H$4,T$4) -> 474.07737 | U11: =TREND(G11:H11,G$4:H$4,U$4) -> 470.82297 | V11: =TREND(H11:I11,H$4:I$4,V$4) -> 442.45343 | X11: 1000 | Y11: =COUNTIFS(OFFSET($L$5,0,0,$O$1,$O$2),"<="&($X11),OFFSET($L$5,0,0,$O$1,$O$2),">"&($X10))/$O$1/$O$2 -> 0.06 | Z11: =COUNTIFS(OFFSET($L$28,0,0,$O$1,$O$2),"<="&($X11),OFFSET($L$28,0,0,$O$1,$O$2),">"&($X10))/$O$1/$O$2 -> 0.205 | AA11: =COUNTIFS(OFFSET($L$51,0,0,$O$1,$O$2),"<="&($X11),OFFSET($L$51,0,0,$O$1,$O$2),">"&($X10))/$O$1/$O$2 -> 0.155 | AB11: =COUNTIFS(OFFSET($L$74,0,0,$O$1,$O$2),"<="&($X11),OFFSET($L$74,0,0,$O$1,$O$2),">"&($X10))/$O$1/$O$2 -> 0.14 | AC11: =COUNTIFS(OFFSET($L$97,0,0,$O$1,$O$2),"<="&($X11),OFFSET($L$97,0,0,$O$1,$O$2),">"&($X10))/$O$1/$O$2 -> 0.125 | AD11: =COUNTIFS(OFFSET($L$120,0,0,$O$1,$O$2),"<="&($X11),OFFSET($L$120,0,0,$O$1,$O$2),">"&($X10))/$O$1/$O$2 -> 0.13 | AE11: =COUNTIFS(OFFSET($L$143,0,0,$O$1,$O$2),"<="&($X11),OFFSET($L$143,0,0,$O$1,$O$2),">"&($X10))/$O$1/$O$2 -> 0.14 | AG11: 1000 | AH11: 0.1237 | AI11: 0.1368 | AJ11: 0.1547 | AK11: 0.1701
A12: 412.5 | B12: 619.11 | C12: 611.97 | D12: 595.81 | E12: 568.63 | F12: 541.42 | G12: 522.52 | H12: 515.17 | I12: 485.16 | K12: =A12 -> 412.5 | L12: =TREND(B12:C12,B$4:C$4,L$4) -> 628.19167 | M12: =TREND(C12:D12,C$4:D$4,M$4) -> 600.66857 | N12: =TREND(D12:E12,D$4:E$4,N$4) -> 583.38039 | O12: =TREND(D12:E12,D$4:E$4,O$4) -> 568.77686 | P12: =TREND(E12:F12,E$4:F$4,P$4) -> 554.36227 | Q12: =TREND(E12:F12,E$4:F$4,Q$4) -> 541.64039 | R12: =TREND(F12:G12,F$4:G$4,R$4) -> 531.78119 | S12: =TREND(F12:G12,F$4:G$4,S$4) -> 522.74423 | T12: =TREND(G12:H12,G$4:H$4,T$4) -> 518.83667 | U12: =TREND(G12:H12,G$4:H$4,U$4) -> 515.28246 | V12: =TREND(H12:I12,H$4:I$4,V$4) -> 488.00766 | X12: 1100 | Y12: =COUNTIFS(OFFSET($L$5,0,0,$O$1,$O$2),"<="&($X12),OFFSET($L$5,0,0,$O$1,$O$2),">"&($X11))/$O$1/$O$2 -> 0 | Z12: =COUNTIFS(OFFSET($L$28,0,0,$O$1,$O$2),"<="&($X12),OFFSET($L$28,0,0,$O$1,$O$2),">"&($X11))/$O$1/$O$2 -> 0.135 | AA12: =COUNTIFS(OFFSET($L$51,0,0,$O$1,$O$2),"<="&($X12),OFFSET($L$51,0,0,$O$1,$O$2),">"&($X11))/$O$1/$O$2 -> 0.125 | AB12: =COUNTIFS(OFFSET($L$74,0,0,$O$1,$O$2),"<="&($X12),OFFSET($L$74,0,0,$O$1,$O$2),">"&($X11))/$O$1/$O$2 -> 0.125 | AC12: =COUNTIFS(OFFSET($L$97,0,0,$O$1,$O$2),"<="&($X12),OFFSET($L$97,0,0,$O$1,$O$2),">"&($X11))/$O$1/$O$2 -> 0.15 | AD12: =COUNTIFS(OFFSET($L$120,0,0,$O$1,$O$2),"<="&($X12),OFFSET($L$120,0,0,$O$1,$O$2),">"&($X11))/$O$1/$O$2 -> 0.16 | AE12: =COUNTIFS(OFFSET($L$143,0,0,$O$1,$O$2),"<="&($X12),OFFSET($L$143,0,0,$O$1,$O$2),">"&($X11))/$O$1/$O$2 -> 0.17 | AG12: 1100 | AH12: 0.0896 | AI12: 0.0988 | AJ12: 0.1397 | AK12: 0.1433
A13: 467.5 | B13: 674.13 | C13: 665.84 | D13: 647.5 | E13: 617.17 | F13: 587.15 | G13: 566.41 | H13: 558.07 | I13: 528.95 | K13: =A13 -> 467.5 | L13: =TREND(B13:C13,B$4:C$4,L$4) -> 684.6744 | M13: =TREND(C13:D13,C$4:D$4,M$4) -> 653.014 | N13: =TREND(D13:E13,D$4:E$4,N$4) -> 633.62987 | O13: =TREND(D13:E13,D$4:E$4,O$4) -> 617.33388 | P13: =TREND(E13:F13,E$4:F$4,P$4) -> 601.42883 | Q13: =TREND(E13:F13,E$4:F$4,Q$4) -> 587.39315 | R13: =TREND(F13:G13,F$4:G$4,R$4) -> 576.57281 | S13: =TREND(F13:G13,F$4:G$4,S$4) -> 566.65606 | T13: =TREND(G13:H13,G$4:H$4,T$4) -> 562.23055 | U13: =TREND(G13:H13,G$4:H$4,U$4) -> 558.19761 | V13: =TREND(H13:I13,H$4:I$4,V$4) -> 531.71321 | X13: 1200 | Y13: =COUNTIFS(OFFSET($L$5,0,0,$O$1,$O$2),"<="&($X13),OFFSET($L$5,0,0,$O$1,$O$2),">"&($X12))/$O$1/$O$2 -> 0 | Z13: =COUNTIFS(OFFSET($L$28,0,0,$O$1,$O$2),"<="&($X13),OFFSET($L$28,0,0,$O$1,$O$2),">"&($X12))/$O$1/$O$2 -> 0 | AA13: =COUNTIFS(OFFSET($L$51,0,0,$O$1,$O$2),"<="&($X13),OFFSET($L$51,0,0,$O$1,$O$2),">"&($X12))/$O$1/$O$2 -> 0.115 | AB13: =COUNTIFS(OFFSET($L$74,0,0,$O$1,$O$2),"<="&($X13),OFFSET($L$74,0,0,$O$1,$O$2),">"&($X12))/$O$1/$O$2 -> 0.13 | AC13: =COUNTIFS(OFFSET($L$97,0,0,$O$1,$O$2),"<="&($X13),OFFSET($L$97,0,0,$O$1,$O$2),">"&($X12))/$O$1/$O$2 -> 0.13 | AD13: =COUNTIFS(OFFSET($L$120,0,0,$O$1,$O$2),"<="&($X13),OFFSET($L$120,0,0,$O$1,$O$2),">"&($X12))/$O$1/$O$2 -> 0.13 | AE13: =COUNTIFS(OFFSET($L$143,0,0,$O$1,$O$2),"<="&($X13),OFFSET($L$143,0,0,$O$1,$O$2),">"&($X12))/$O$1/$O$2 -> 0.135 | AG13: 1200 | AH13: 0.0781 | AI13: 0.1139 | AJ13: 0.1032 | AK13: 0.1139
A14: 522.5 | B14: 725.42 | C14: 716.06 | D14: 695.72 | E14: 662.65 | F14: 630.25 | G14: 607.89 | H14: 598.48 | I14: 570.97 | K14: =A14 -> 522.5 | L14: =TREND(B14:C14,B$4:C$4,L$4) -> 737.32538 | M14: =TREND(C14:D14,C$4:D$4,M$4) -> 701.83531 | N14: =TREND(D14:E14,D$4:E$4,N$4) -> 680.59685 | O14: =TREND(D14:E14,D$4:E$4,O$4) -> 662.82869 | P14: =TREND(E14:F14,E$4:F$4,P$4) -> 645.66086 | Q14: =TREND(E14:F14,E$4:F$4,Q$4) -> 630.51242 | R14: =TREND(F14:G14,F$4:G$4,R$4) -> 618.84663 | S14: =TREND(F14:G14,F$4:G$4,S$4) -> 608.15528 | T14: =TREND(G14:H14,G$4:H$4,T$4) -> 603.17433 | U14: =TREND(G14:H14,G$4:H$4,U$4) -> 598.62398 | V14: =TREND(H14:I14,H$4:I$4,V$4) -> 573.58044 | X14: 1300 | Y14: =COUNTIFS(OFFSET($L$5,0,0,$O$1,$O$2),"<="&($X14),OFFSET($L$5,0,0,$O$1,$O$2),">"&($X13))/$O$1/$O$2 -> 0 | Z14: =COUNTIFS(OFFSET($L$28,0,0,$O$1,$O$2),"<="&($X14),OFFSET($L$28,0,0,$O$1,$O$2),">"&($X13))/$O$1/$O$2 -> 0 | AA14: =COUNTIFS(OFFSET($L$51,0,0,$O$1,$O$2),"<="&($X14),OFFSET($L$51,0,0,$O$1,$O$2),">"&($X13))/$O$1/$O$2 -> 0.085 | AB14: =COUNTIFS(OFFSET($L$74,0,0,$O$1,$O$2),"<="&($X14),OFFSET($L$74,0,0,$O$1,$O$2),">"&($X13))/$O$1/$O$2 -> 0.085 | AC14: =COUNTIFS(OFFSET($L$97,0,0,$O$1,$O$2),"<="&($X14),OFFSET($L$97,0,0,$O$1,$O$2),">"&($X13))/$O$1/$O$2 -> 0.105 | AD14: =COUNTIFS(OFFSET($L$120,0,0,$O$1,$O$2),"<="&($X14),OFFSET($L$120,0,0,$O$1,$O$2),">"&($X13))/$O$1/$O$2 -> 0.11 | AE14: =COUNTIFS(OFFSET($L$143,0,0,$O$1,$O$2),"<="&($X14),OFFSET($L$143,0,0,$O$1,$O$2),">"&($X13))/$O$1/$O$2 -> 0.11 | AG14: 1300 | AH14: 0.027 | AI14: 0.0658 | AJ14: 0.0637 | AK14: 0.07
A15: 577.5 | B15: 771.98 | C15: 761.69 | D15: 739.65 | E15: 704.32 | F15: 670 | G15: 646.22 | H15: 635.66 | I15: 608.35 | K15: =A15 -> 577.5 | L15: =TREND(B15:C15,B$4:C$4,L$4) -> 785.06829 | M15: =TREND(C15:D15,C$4:D$4,M$4) -> 746.27642 | N15: =TREND(D15:E15,D$4:E$4,N$4) -> 723.49334 | O15: =TREND(D15:E15,D$4:E$4,O$4) -> 704.5109 | P15: =TREND(E15:F15,E$4:F$4,P$4) -> 686.3241 | Q15: =TREND(E15:F15,E$4:F$4,Q$4) -> 670.27797 | R15: =TREND(F15:G15,F$4:G$4,R$4) -> 657.87244 | S15: =TREND(F15:G15,F$4:G$4,S$4) -> 646.50213 | T15: =TREND(G15:H15,G$4:H$4,T$4) -> 640.92803 | U15: =TREND(G15:H15,G$4:H$4,U$4) -> 635.82157 | V15: =TREND(H15:I15,H$4:I$4,V$4) -> 610.94146 | X15: 1400 | Y15: =COUNTIFS(OFFSET($L$5,0,0,$O$1,$O$2),"<="&($X15),OFFSET($L$5,0,0,$O$1,$O$2),">"&($X14))/$O$1/$O$2 -> 0 | Z15: =COUNTIFS(OFFSET($L$28,0,0,$O$1,$O$2),"<="&($X15),OFFSET($L$28,0,0,$O$1,$O$2),">"&($X14))/$O$1/$O$2 -> 0 | AA15: =COUNTIFS(OFFSET($L$51,0,0,$O$1,$O$2),"<="&($X15),OFFSET($L$51,0,0,$O$1,$O$2),">"&($X14))/$O$1/$O$2 -> 0.03 | AB15: =COUNTIFS(OFFSET($L$74,0,0,$O$1,$O$2),"<="&($X15),OFFSET($L$74,0,0,$O$1,$O$2),">"&($X14))/$O$1/$O$2 -> 0.06 | AC15: =COUNTIFS(OFFSET($L$97,0,0,$O$1,$O$2),"<="&($X15),OFFSET($L$97,0,0,$O$1,$O$2),">"&($X14))/$O$1/$O$2 -> 0.09 | AD15: =COUNTIFS(OFFSET($L$120,0,0,$O$1,$O$2),"<="&($X15),OFFSET($L$120,0,0,$O$1,$O$2),">"&($X14))/$O$1/$O$2 -> 0.085 | AE15: =COUNTIFS(OFFSET($L$143,0,0,$O$1,$O$2),"<="&($X15),OFFSET($L$143,0,0,$O$1,$O$2),">"&($X14))/$O$1/$O$2 -> 0.06 | AG15: 1400 | AH15: 0.06278 | AI15: 0.0325 | AJ15: 0.0495 | AK15: 0.0355
A16: 632.5 | B16: 813.34 | C16: 802.22 | D16: 778.75 | E16: 741.68 | F16: 705.9 | G16: 681 | H16: 669.32 | I16: 643.74 | K16: =A16 -> 632.5 | L16: =TREND(B16:C16,B$4:C$4,L$4) -> 827.484 | M16: =TREND(C16:D16,C$4:D$4,M$4) -> 785.80636 | N16: =TREND(D16:E16,D$4:E$4,N$4) -> 761.79762 | O16: =TREND(D16:E16,D$4:E$4,O$4) -> 741.8803 | P16: =TREND(E16:F16,E$4:F$4,P$4) -> 722.91854 | Q16: =TREND(E16:F16,E$4:F$4,Q$4) -> 706.1898 | R16: =TREND(F16:G16,F$4:G$4,R$4) -> 693.20126 | S16: =TREND(F16:G16,F$4:G$4,S$4) -> 681.29542 | T16: =TREND(G16:H16,G$4:H$4,T$4) -> 675.14676 | U16: =TREND(G16:H16,G$4:H$4,U$4) -> 669.49871 | V16: =TREND(H16:I16,H$4:I$4,V$4) -> 646.1673 | X16: 1500 | Y16: =COUNTIFS(OFFSET($L$5,0,0,$O$1,$O$2),"<="&($X16),OFFSET($L$5,0,0,$O$1,$O$2),">"&($X15))/$O$1/$O$2 -> 0 | Z16: =COUNTIFS(OFFSET($L$28,0,0,$O$1,$O$2),"<="&($X16),OFFSET($L$28,0,0,$O$1,$O$2),">"&($X15))/$O$1/$O$2 -> 0 | AA16: =COUNTIFS(OFFSET($L$51,0,0,$O$1,$O$2),"<="&($X16),OFFSET($L$51,0,0,$O$1,$O$2),">"&($X15))/$O$1/$O$2 -> 0 | AB16: =COUNTIFS(OFFSET($L$74,0,0,$O$1,$O$2),"<="&($X16),OFFSET($L$74,0,0,$O$1,$O$2),">"&($X15))/$O$1/$O$2 -> 0.02 | AC16: =COUNTIFS(OFFSET($L$97,0,0,$O$1,$O$2),"<="&($X16),OFFSET($L$97,0,0,$O$1,$O$2),">"&($X15))/$O$1/$O$2 -> 0.055 | AD16: =COUNTIFS(OFFSET($L$120,0,0,$O$1,$O$2),"<="&($X16),OFFSET($L$120,0,0,$O$1,$O$2),">"&($X15))/$O$1/$O$2 -> 0.04 | AE16: =COUNTIFS(OFFSET($L$143,0,0,$O$1,$O$2),"<="&($X16),OFFSET($L$143,0,0,$O$1,$O$2),">"&($X15))/$O$1/$O$2 -> 0.02 | AG16: 1500 | AH16: 0 | AI16: 0.0204 | AJ16: 0.0241 | AK16: 0.0066
A17: 687.5 | B17: 849.34 | C17: 837.52 | D17: 812.88 | E17: 774.54 | F17: 737.8 | G17: 712.04 | H17: 699.43 | I17: 675.51 | K17: =A17 -> 687.5 | L17: =TREND(B17:C17,B$4:C$4,L$4) -> 864.37436 | M17: =TREND(C17:D17,C$4:D$4,M$4) -> 820.28812 | N17: =TREND(D17:E17,D$4:E$4,N$4) -> 795.34684 | O17: =TREND(D17:E17,D$4:E$4,O$4) -> 774.74716 | P17: =TREND(E17:F17,E$4:F$4,P$4) -> 755.27516 | Q17: =TREND(E17:F17,E$4:F$4,Q$4) -> 738.09758 | R17: =TREND(F17:G17,F$4:G$4,R$4) -> 724.66266 | S17: =TREND(F17:G17,F$4:G$4,S$4) -> 712.34562 | T17: =TREND(G17:H17,G$4:H$4,T$4) -> 705.72071 | U17: =TREND(G17:H17,G$4:H$4,U$4) -> 699.62294 | V17: =TREND(H17:I17,H$4:I$4,V$4) -> 677.77978 | X17: 1600 | Y17: =COUNTIFS(OFFSET($L$5,0,0,$O$1,$O$2),"<="&($X17),OFFSET($L$5,0,0,$O$1,$O$2),">"&($X16))/$O$1/$O$2 -> 0 | Z17: =COUNTIFS(OFFSET($L$28,0,0,$O$1,$O$2),"<="&($X17),OFFSET($L$28,0,0,$O$1,$O$2),">"&($X16))/$O$1/$O$2 -> 0 | AA17: =COUNTIFS(OFFSET($L$51,0,0,$O$1,$O$2),"<="&($X17),OFFSET($L$51,0,0,$O$1,$O$2),">"&($X16))/$O$1/$O$2 -> 0 | AB17: =COUNTIFS(OFFSET($L$74,0,0,$O$1,$O$2),"<="&($X17),OFFSET($L$74,0,0,$O$1,$O$2),">"&($X16))/$O$1/$O$2 -> 0 | AC17: =COUNTIFS(OFFSET($L$97,0,0,$O$1,$O$2),"<="&($X17),OFFSET($L$97,0,0,$O$1,$O$2),">"&($X16))/$O$1/$O$2 -> 0.015 | AD17: =COUNTIFS(OFFSET($L$120,0,0,$O$1,$O$2),"<="&($X17),OFFSET($L$120,0,0,$O$1,$O$2),">"&($X16))/$O$1/$O$2 -> 0 | AE17: =COUNTIFS(OFFSET($L$143,0,0,$O$1,$O$2),"<="&($X17),OFFSET($L$143,0,0,$O$1,$O$2),">"&($X16))/$O$1/$O$2 -> 0 | AG17: 1570 | AH17: 0 | AI17: 0 | AJ17: 0
A18: 742.5 | B18: 880.03 | C18: 867.63 | D18: 842.1 | E18: 802.9 | F18: 765.59 | G18: 739.27 | H18: 725.91 | I18: 703.23 | K18: =A18 -> 742.5 | L18: =TREND(B18:C18,B$4:C$4,L$4) -> 895.80209 | M18: =TREND(C18:D18,C$4:D$4,M$4) -> 849.77571 | N18: =TREND(D18:E18,D$4:E$4,N$4) -> 824.17356 | O18: =TREND(D18:E18,D$4:E$4,O$4) -> 803.11181 | P18: =TREND(E18:F18,E$4:F$4,P$4) -> 783.33627 | Q18: =TREND(E18:F18,E$4:F$4,Q$4) -> 765.89219 | R18: =TREND(F18:G18,F$4:G$4,R$4) -> 752.16707 | S18: =TREND(F18:G18,F$4:G$4,S$4) -> 739.58227 | T18: =TREND(G18:H18,G$4:H$4,T$4) -> 732.57485 | U18: =TREND(G18:H18,G$4:H$4,U$4) -> 726.11441 | V18: =TREND(H18:I18,H$4:I$4,V$4) -> 705.38212 | X18: 1620 | Y18: =COUNTIFS(OFFSET($L$5,0,0,$O$1,$O$2),"<="&($X18),OFFSET($L$5,0,0,$O$1,$O$2),">"&($X17))/$O$1/$O$2 -> 0 | Z18: =COUNTIFS(OFFSET($L$28,0,0,$O$1,$O$2),"<="&($X18),OFFSET($L$28,0,0,$O$1,$O$2),">"&($X17))/$O$1/$O$2 -> 0 | AA18: =COUNTIFS(OFFSET($L$51,0,0,$O$1,$O$2),"<="&($X18),OFFSET($L$51,0,0,$O$1,$O$2),">"&($X17))/$O$1/$O$2 -> 0 | AB18: =COUNTIFS(OFFSET($L$74,0,0,$O$1,$O$2),"<="&($X18),OFFSET($L$74,0,0,$O$1,$O$2),">"&($X17))/$O$1/$O$2 -> 0 | AC18: =COUNTIFS(OFFSET($L$97,0,0,$O$1,$O$2),"<="&($X18),OFFSET($L$97,0,0,$O$1,$O$2),">"&($X17))/$O$1/$O$2 -> 0 | AD18: =COUNTIFS(OFFSET($L$120,0,0,$O$1,$O$2),"<="&($X18),OFFSET($L$120,0,0,$O$1,$O$2),">"&($X17))/$O$1/$O$2 -> 0 | AE18: =COUNTIFS(OFFSET($L$143,0,0,$O$1,$O$2),"<="&($X18),OFFSET($L$143,0,0,$O$1,$O$2),">"&($X17))/$O$1/$O$2 -> 0 | AG18: 1620
A19: 797.5 | B19: 905.63 | C19: 892.76 | D19: 866.59 | E19: 826.91 | F19: 789.37 | G19: 762.78 | H19: 748.72 | I19: 726.3 | K19: =A19 -> 797.5 | L19: =TREND(B19:C19,B$4:C$4,L$4) -> 921.9999 | M19: =TREND(C19:D19,C$4:D$4,M$4) -> 874.45813 | N19: =TREND(D19:E19,D$4:E$4,N$4) -> 848.44405 | O19: =TREND(D19:E19,D$4:E$4,O$4) -> 827.1244 | P19: =TREND(E19:F19,E$4:F$4,P$4) -> 807.22567 | Q19: =TREND(E19:F19,E$4:F$4,Q$4) -> 789.67405 | R19: =TREND(F19:G19,F$4:G$4,R$4) -> 775.80937 | S19: =TREND(F19:G19,F$4:G$4,S$4) -> 763.09547 | T19: =TREND(G19:H19,G$4:H$4,T$4) -> 755.73406 | U19: =TREND(G19:H19,G$4:H$4,U$4) -> 748.93512 | V19: =TREND(H19:I19,H$4:I$4,V$4) -> 728.42745
A20: 852.5 | B20: 926.37 | C20: 913.14 | D20: 886.56 | E20: 846.72 | F20: 809.26 | G20: 782.59 | H20: 767.12 | I20: 740.34 | K20: =A20 -> 852.5 | L20: =TREND(B20:C20,B$4:C$4,L$4) -> 943.1978 | M20: =TREND(C20:D20,C$4:D$4,M$4) -> 894.55139 | N20: =TREND(D20:E20,D$4:E$4,N$4) -> 868.34088 | O20: =TREND(D20:E20,D$4:E$4,O$4) -> 846.93527 | P20: =TREND(E20:F20,E$4:F$4,P$4) -> 827.07762 | Q20: =TREND(E20:F20,E$4:F$4,Q$4) -> 809.56341 | R20: =TREND(F20:G20,F$4:G$4,R$4) -> 795.65857 | S20: =TREND(F20:G20,F$4:G$4,S$4) -> 782.90642 | T20: =TREND(G20:H20,G$4:H$4,T$4) -> 774.83746 | U20: =TREND(G20:H20,G$4:H$4,U$4) -> 767.3567 | V20: =TREND(H20:I20,H$4:I$4,V$4) -> 742.88117 | X20: 最大温度/℃ | Y20: =MAX(OFFSET($L$5,0,0,$O$1,$O$2)) -> 985.26617 | Z20: =MAX(OFFSET($L$28,0,0,$O$1,$O$2)) -> 1086.4566 | AA20: =MAX(OFFSET($L$51,0,0,$O$1,$O$2)) -> 1350.3175 | AB20: =MAX(OFFSET($L$74,0,0,$O$1,$O$2)) -> 1444.6839 | AC20: =MAX(OFFSET($L$97,0,0,$O$1,$O$2)) -> 1528.0461 | AD20: =MAX(OFFSET($L$120,0,0,$O$1,$O$2)) -> 1482.9553 | AE20: =MAX(OFFSET($L$143,0,0,$O$1,$O$2)) -> 1430.9859
A21: 907.5 | B21: 943.22 | C21: 929.66 | D21: 902.85 | E21: 863.11 | F21: 825.98 | G21: 799.08 | H21: 778.27 | I21: 738.48 | K21: =A21 -> 907.5 | L21: =TREND(B21:C21,B$4:C$4,L$4) -> 960.46754 | M21: =TREND(C21:D21,C$4:D$4,M$4) -> 910.91054 | N21: =TREND(D21:E21,D$4:E$4,N$4) -> 884.67661 | O21: =TREND(D21:E21,D$4:E$4,O$4) -> 863.32473 | P21: =TREND(E21:F21,E$4:F$4,P$4) -> 843.64066 | Q21: =TREND(E21:F21,E$4:F$4,Q$4) -> 826.28073 | R21: =TREND(F21:G21,F$4:G$4,R$4) -> 812.26128 | S21: =TREND(F21:G21,F$4:G$4,S$4) -> 799.39915 | T21: =TREND(G21:H21,G$4:H$4,T$4) -> 788.65141 | U21: =TREND(G21:H21,G$4:H$4,U$4) -> 778.5884 | V21: =TREND(H21:I21,H$4:I$4,V$4) -> 742.25569 | X21: 平均温度/℃ | Y21: =AVERAGE(OFFSET($L$5,0,0,$O$1,$O$2)) -> 621.77907 | Z21: =AVERAGE(OFFSET($L$28,0,0,$O$1,$O$2)) -> 768.49754 | AA21: =AVERAGE(OFFSET($L$51,0,0,$O$1,$O$2)) -> 899.50938 | AB21: =AVERAGE(OFFSET($L$74,0,0,$O$1,$O$2)) -> 943.24282 | AC21: =AVERAGE(OFFSET($L$97,0,0,$O$1,$O$2)) -> 1015.3709 | AD21: =AVERAGE(OFFSET($L$120,0,0,$O$1,$O$2)) -> 999.83275 | AE21: =AVERAGE(OFFSET($L$143,0,0,$O$1,$O$2)) -> 973.29375
A22: 962.5 | B22: 954.59 | C22: 940.8 | D22: 913.8 | E22: 874.25 | F22: 837.42 | G22: 808.35 | H22: 767.54 | I22: 691.96 | K22: =A22 -> 962.5 | L22: =TREND(B22:C22,B$4:C$4,L$4) -> 972.13009 | M22: =TREND(C22:D22,C$4:D$4,M$4) -> 921.91767 | N22: =TREND(D22:E22,D$4:E$4,N$4) -> 895.7135 | O22: =TREND(D22:E22,D$4:E$4,O$4) -> 874.4637 | P22: =TREND(E22:F22,E$4:F$4,P$4) -> 854.93796 | Q22: =TREND(E22:F22,E$4:F$4,Q$4) -> 837.7183 | R22: =TREND(F22:G22,F$4:G$4,R$4) -> 822.5946 | S22: =TREND(F22:G22,F$4:G$4,S$4) -> 808.69489 | T22: =TREND(G22:H22,G$4:H$4,T$4) -> 787.89874 | U22: =TREND(G22:H22,G$4:H$4,U$4) -> 768.16441 | V22: =TREND(H22:I22,H$4:I$4,V$4) -> 699.13182 | X22: 平均温度/K | Y22: =Y21+273.15 -> 894.92907 | Z22: =Z21+273.15 -> 1041.6475 | AA22: =AA21+273.15 -> 1172.6594 | AB22: =AB21+273.15 -> 1216.3928 | AC22: =AC21+273.15 -> 1288.5209 | AD22: =AD21+273.15 -> 1272.9827 | AE22: =AE21+273.15 -> 1246.4438
A23: 1017.5 | B23: 961.57 | C23: 947.23 | D23: 921.22 | E23: 881.65 | F23: 843.75 | G23: 802.98 | H23: 705.43 | I23: 572.8 | K23: =A23 -> 1017.5 | L23: =TREND(B23:C23,B$4:C$4,L$4) -> 979.80965 | M23: =TREND(C23:D23,C$4:D$4,M$4) -> 929.04002 | N23: =TREND(D23:E23,D$4:E$4,N$4) -> 903.12436 | O23: =TREND(D23:E23,D$4:E$4,O$4) -> 881.86381 | P23: =TREND(E23:F23,E$4:F$4,P$4) -> 861.7769 | Q23: =TREND(E23:F23,E$4:F$4,Q$4) -> 844.05697 | R23: =TREND(F23:G23,F$4:G$4,R$4) -> 822.95772 | S23: =TREND(F23:G23,F$4:G$4,S$4) -> 803.4637 | T23: =TREND(G23:H23,G$4:H$4,T$4) -> 754.09442 | U23: =TREND(G23:H23,G$4:H$4,U$4) -> 706.92255 | V23: =TREND(H23:I23,H$4:I$4,V$4) -> 585.38533 | X23: 温度提升 | Z23: =Z22/Y22-1 -> 0.16394424 | AA23: =AA22/Z22-1 -> 0.12577367 | AB23: =AB22/AA22-1 -> 0.037294234 | AC23: =AC22/AB22-1 -> 0.059296726 | AD23: =AD22/AC22-1 -> -0.012058927 | AE23: =AE22/AD22-1 -> -0.020847882
A24: 1072.5 | B24: 973.17 | C24: 963.66 | D24: 934.07 | E24: 890.11 | F24: 843.36 | G24: 767.04 | H24: 604.54 | I24: 458.62 | K24: =A24 -> 1072.5 | L24: =TREND(B24:C24,B$4:C$4,L$4) -> 985.26617 | M24: =TREND(C24:D24,C$4:D$4,M$4) -> 942.96636 | N24: =TREND(D24:E24,D$4:E$4,N$4) -> 913.96678 | O24: =TREND(D24:E24,D$4:E$4,O$4) -> 890.34753 | P24: =TREND(E24:F24,E$4:F$4,P$4) -> 865.59635 | Q24: =TREND(E24:F24,E$4:F$4,Q$4) -> 843.73865 | R24: =TREND(F24:G24,F$4:G$4,R$4) -> 804.43758 | S24: =TREND(F24:G24,F$4:G$4,S$4) -> 767.94548 | T24: =TREND(G24:H24,G$4:H$4,T$4) -> 685.60579 | U24: =TREND(G24:H24,G$4:H$4,U$4) -> 607.02631 | V24: =TREND(H24:I24,H$4:I$4,V$4) -> 472.46642 | X24: 膨胀速率/s | Z24: =-LN(1-Z23)*150%/2/3600 -> 3.7304161e-05 | AA24: =-LN(1-AA23)*150%/6/3600 -> 9.3344432e-06 | AB24: =-LN(1-AB23)*150%/16/3600 -> 9.8977742e-07 | AC24: =-LN(1-AC23)*150%/24/3600 -> 1.0612417e-06 | AD24: =-LN(1-AD23)*150%/24/3600 -> -2.0810412e-07 | AE24: =-LN(1-AE23)*150%/24/3600 -> -3.5822116e-07
C25: =PI()*(C4*C4-B4*B4) -> 2151.0925 | D25: =PI()*(D4*D4-C4*C4) -> 6112.8045 | E25: =PI()*(E4*E4-D4*D4) -> 12038.186 | F25: =PI()*(F4*F4-E4*E4) -> 14188.223 | G25: =PI()*(G4*G4-F4*F4) -> 14190.088 | H25: =PI()*(H4*H4-G4*G4) -> 14185.298 | I25: =PI()*(I4*I4-H4*H4) -> 7575.1804 | M25: =PI()*(M4*M4-L4*L4) -> 7068.5835 | N25: =PI()*(N4*N4-M4*M4) -> 7068.5835 | O25: =PI()*(O4*O4-N4*N4) -> 7068.5835 | P25: =PI()*(P4*P4-O4*O4) -> 7068.5835 | Q25: =PI()*(Q4*Q4-P4*P4) -> 7068.5835 | R25: =PI()*(R4*R4-Q4*Q4) -> 7068.5835 | S25: =PI()*(S4*S4-R4*R4) -> 7068.5835 | T25: =PI()*(T4*T4-S4*S4) -> 7068.5835 | ... V25: =PI()*(V4*V4-U4*U4) -> 7068.5835
A26: 2h | X26: 燃料平均释放率 | Y26: =Y3 -> 0h | Z26: =Z3 -> 2h | AA26: =AA3 -> 8h | AB26: =AB3 -> 24h | AC26: =AC3 -> 48h | AD26: =AD3 -> 72h | AE26: =AE3 -> 96h
A27: R/Z[cm] | B27: 17.68 | C27: 31.58 | D27: 54.25 | E27: 82.31 | F27: 106.26 | G27: 125.73 | H27: 142.56 | I27: 150.78 | K27: =A27 -> R/Z[cm] | L27: 0 | M27: =SQRT(L27*L27+150*150/10) -> 47.434165 | N27: =SQRT(M27*M27+150*150/10) -> 67.082039 | O27: =SQRT(N27*N27+150*150/10) -> 82.158384 | P27: =SQRT(O27*O27+150*150/10) -> 94.86833 | Q27: =SQRT(P27*P27+150*150/10) -> 106.06602 | R27: =SQRT(Q27*Q27+150*150/10) -> 116.1895 | S27: =SQRT(R27*R27+150*150/10) -> 125.499 | T27: =SQRT(S27*S27+150*150/10) -> 134.16408 | ... V27: =SQRT(U27*U27+150*150/10) -> 150 | X27: =事故释放率!A4 -> Kr-83m | Y27: {=SUMPRODUCT(Y$5:Y$18,TRANSPOSE(事故释放率!$B4:$O4))} -> 5.7333597e-11 | Z27: {=SUMPRODUCT(Z$5:Z$18,TRANSPOSE(事故释放率!$B4:$O4))} -> 7.8903518e-11 | AA27: {=SUMPRODUCT(AA$5:AA$18,TRANSPOSE(事故释放率!$B4:$O4))} -> 1.7205845e-10 | AB27: {=SUMPRODUCT(AB$5:AB$18,TRANSPOSE(事故释放率!$B4:$O4))} -> 2.9458354e-10 | AC27: {=SUMPRODUCT(AC$5:AC$18,TRANSPOSE(事故释放率!$B4:$O4))} -> 6.9272473e-10 | AD27: {=SUMPRODUCT(AD$5:AD$18,TRANSPOSE(事故释放率!$B4:$O4))} -> 4.2103341e-10 | AE27: {=SUMPRODUCT(AE$5:AE$18,TRANSPOSE(事故释放率!$B4:$O4))} -> 3.0835084e-10 | AG27: =MMULT(事故释放率!$B4:$O4,Y$5:Y$18) -> 5.7333597e-11 | AH27: =MMULT(事故释放率!$B4:$O4,Z$5:Z$18) -> 7.8903518e-11 | AI27: =MMULT(事故释放率!$B4:$O4,AA$5:AA$18) -> 1.7205845e-10 | AJ27: =MMULT(事故释放率!$B4:$O4,AB$5:AB$18) -> 2.9458354e-10 | AK27: =MMULT(事故释放率!$B4:$O4,AC$5:AC$18) -> 6.9272473e-10 | AL27: =MMULT(事故释放率!$B4:$O4,AD$5:AD$18) -> 4.2103341e-10
A28: 27.5 | B28: 372.21 | C28: 370.94 | D28: 366.92 | E28: 358.59 | F28: 349.27 | G28: 337.63 | H28: 315.04 | I28: 296.69 | K28: =A28 -> 27.5 | L28: =TREND(B28:C28,B$4:C$4,L$4) -> 373.82537 | M28: =TREND(C28:D28,C$4:D$4,M$4) -> 368.12863 | N28: =TREND(D28:E28,D$4:E$4,N$4) -> 363.11063 | O28: =TREND(D28:E28,D$4:E$4,O$4) -> 358.63501 | P28: =TREND(E28:F28,E$4:F$4,P$4) -> 353.703 | Q28: =TREND(E28:F28,E$4:F$4,Q$4) -> 349.34549 | R28: =TREND(F28:G28,F$4:G$4,R$4) -> 343.33372 | S28: =TREND(F28:G28,F$4:G$4,S$4) -> 337.7681 | T28: =TREND(G28:H28,G$4:H$4,T$4) -> 326.30939 | U28: =TREND(G28:H28,G$4:H$4,U$4) -> 315.38564 | V28: =TREND(H28:I28,H$4:I$4,V$4) -> 298.43124 | X28: =事故释放率!A5 -> Kr-85 | Y28: {=SUMPRODUCT(Y$5:Y$18,TRANSPOSE(事故释放率!$B5:$O5))} -> 2.047507e-13 | Z28: {=SUMPRODUCT(Z$5:Z$18,TRANSPOSE(事故释放率!$B5:$O5))} -> 6.006338e-13 | AA28: {=SUMPRODUCT(AA$5:AA$18,TRANSPOSE(事故释放率!$B5:$O5))} -> 6.0576651e-12 | AB28: {=SUMPRODUCT(AB$5:AB$18,TRANSPOSE(事故释放率!$B5:$O5))} -> 1.042819e-11 | AC28: {=SUMPRODUCT(AC$5:AC$18,TRANSPOSE(事故释放率!$B5:$O5))} -> 1.982257e-11 | AD28: {=SUMPRODUCT(AD$5:AD$18,TRANSPOSE(事故释放率!$B5:$O5))} -> 1.5161334e-11 | AE28: {=SUMPRODUCT(AE$5:AE$18,TRANSPOSE(事故释放率!$B5:$O5))} -> 1.1309807e-11 | AG28: =MMULT(事故释放率!$B5:$O5,Y$5:Y$18) -> 2.047507e-13 | AH28: =MMULT(事故释放率!$B5:$O5,Z$5:Z$18) -> 6.006338e-13 | AI28: =MMULT(事故释放率!$B5:$O5,AA$5:AA$18) -> 6.0576651e-12 | AJ28: =MMULT(事故释放率!$B5:$O5,AB$5:AB$18) -> 1.042819e-11 | AK28: =MMULT(事故释放率!$B5:$O5,AC$5:AC$18) -> 1.982257e-11 | AL28: =MMULT(事故释放率!$B5:$O5,AD$5:AD$18) -> 1.5161334e-11
A29: 82.5 | B29: 465.89 | C29: 463.11 | D29: 454.56 | E29: 437.16 | F29: 417.29 | G29: 393.06 | H29: 352.27 | I29: 322.35 | K29: =A29 -> 82.5 | L29: =TREND(B29:C29,B$4:C$4,L$4) -> 469.426 | M29: =TREND(C29:D29,C$4:D$4,M$4) -> 457.1306 | N29: =TREND(D29:E29,D$4:E$4,N$4) -> 446.60286 | O29: =TREND(D29:E29,D$4:E$4,O$4) -> 437.25402 | P29: =TREND(E29:F29,E$4:F$4,P$4) -> 426.74104 | Q29: =TREND(E29:F29,E$4:F$4,Q$4) -> 417.45094 | R29: =TREND(F29:G29,F$4:G$4,R$4) -> 404.93295 | S29: =TREND(F29:G29,F$4:G$4,S$4) -> 393.34747 | T29: =TREND(G29:H29,G$4:H$4,T$4) -> 372.61876 | U29: =TREND(G29:H29,G$4:H$4,U$4) -> 352.8941 | V29: =TREND(H29:I29,H$4:I$4,V$4) -> 325.18912 | X29: =事故释放率!A6 -> Kr-85m | Y29: {=SUMPRODUCT(Y$5:Y$18,TRANSPOSE(事故释放率!$B6:$O6))} -> 3.6831484e-11 | Z29: {=SUMPRODUCT(Z$5:Z$18,TRANSPOSE(事故释放率!$B6:$O6))} -> 5.0676037e-11 | AA29: {=SUMPRODUCT(AA$5:AA$18,TRANSPOSE(事故释放率!$B6:$O6))} -> 1.1028748e-10 | AB29: {=SUMPRODUCT(AB$5:AB$18,TRANSPOSE(事故释放率!$B6:$O6))} -> 1.8807965e-10 | AC29: {=SUMPRODUCT(AC$5:AC$18,TRANSPOSE(事故释放率!$B6:$O6))} -> 4.3655438e-10 | AD29: {=SUMPRODUCT(AD$5:AD$18,TRANSPOSE(事故释放率!$B6:$O6))} -> 2.6839952e-10 | AE29: {=SUMPRODUCT(AE$5:AE$18,TRANSPOSE(事故释放率!$B6:$O6))} -> 1.9690179e-10 | AG29: =MMULT(事故释放率!$B6:$O6,Y$5:Y$18) -> 3.6831484e-11 | AH29: =MMULT(事故释放率!$B6:$O6,Z$5:Z$18) -> 5.0676037e-11 | AI29: =MMULT(事故释放率!$B6:$O6,AA$5:AA$18) -> 1.1028748e-10 | AJ29: =MMULT(事故释放率!$B6:$O6,AB$5:AB$18) -> 1.8807965e-10 | AK29: =MMULT(事故释放率!$B6:$O6,AC$5:AC$18) -> 4.3655438e-10 | AL29: =MMULT(事故释放率!$B6:$O6,AD$5:AD$18) -> 2.6839952e-10
A30: 137.5 | B30: 554.42 | C30: 550.34 | D30: 537.95 | E30: 512.99 | F30: 484.27 | G30: 449.09 | H30: 392.15 | I30: 351.85 | K30: =A30 -> 137.5 | L30: =TREND(B30:C30,B$4:C$4,L$4) -> 559.60953 | M30: =TREND(C30:D30,C$4:D$4,M$4) -> 541.67511 | N30: =TREND(D30:E30,D$4:E$4,N$4) -> 526.53561 | O30: =TREND(D30:E30,D$4:E$4,O$4) -> 513.12487 | P30: =TREND(E30:F30,E$4:F$4,P$4) -> 497.93049 | Q30: =TREND(E30:F30,E$4:F$4,Q$4) -> 484.50262 | R30: =TREND(F30:G30,F$4:G$4,R$4) -> 466.32856 | S30: =TREND(F30:G30,F$4:G$4,S$4) -> 449.50738 | T30: =TREND(G30:H30,G$4:H$4,T$4) -> 420.55545 | U30: =TREND(G30:H30,G$4:H$4,U$4) -> 393.0212 | V30: =TREND(H30:I30,H$4:I$4,V$4) -> 355.67409 | X30: =事故释放率!A7 -> Kr-87 | Y30: {=SUMPRODUCT(Y$5:Y$18,TRANSPOSE(事故释放率!$B7:$O7))} -> 6.8494519e-11 | Z30: {=SUMPRODUCT(Z$5:Z$18,TRANSPOSE(事故释放率!$B7:$O7))} -> 9.4270005e-11 | AA30: {=SUMPRODUCT(AA$5:AA$18,TRANSPOSE(事故释放率!$B7:$O7))} -> 2.0568603e-10 | AB30: {=SUMPRODUCT(AB$5:AB$18,TRANSPOSE(事故释放率!$B7:$O7))} -> 3.525656e-10 | AC30: {=SUMPRODUCT(AC$5:AC$18,TRANSPOSE(事故释放率!$B7:$O7))} -> 8.3220445e-10 | AD30: {=SUMPRODUCT(AD$5:AD$18,TRANSPOSE(事故释放率!$B7:$O7))} -> 5.0413048e-10 | AE30: {=SUMPRODUCT(AE$5:AE$18,TRANSPOSE(事故释放率!$B7:$O7))} -> 3.69025e-10 | AG30: =MMULT(事故释放率!$B7:$O7,Y$5:Y$18) -> 6.8494519e-11 | AH30: =MMULT(事故释放率!$B7:$O7,Z$5:Z$18) -> 9.4270005e-11 | AI30: =MMULT(事故释放率!$B7:$O7,AA$5:AA$18) -> 2.0568603e-10 | AJ30: =MMULT(事故释放率!$B7:$O7,AB$5:AB$18) -> 3.525656e-10 | AK30: =MMULT(事故释放率!$B7:$O7,AC$5:AC$18) -> 8.3220445e-10 | AL30: =MMULT(事故释放率!$B7:$O7,AD$5:AD$18) -> 5.0413048e-10
A31: 192.5 | B31: 641.64 | C31: 636.45 | D31: 620.87 | E31: 589.85 | F31: 553.64 | G31: 508.31 | H31: 435.6 | I31: 384.82 | K31: =A31 -> 192.5 | L31: =TREND(B31:C31,B$4:C$4,L$4) -> 648.24138 | M31: =TREND(C31:D31,C$4:D$4,M$4) -> 625.5542 | N31: =TREND(D31:E31,D$4:E$4,N$4) -> 606.68433 | O31: =TREND(D31:E31,D$4:E$4,O$4) -> 590.01761 | P31: =TREND(E31:F31,E$4:F$4,P$4) -> 570.86306 | Q31: =TREND(E31:F31,E$4:F$4,Q$4) -> 553.93328 | R31: =TREND(F31:G31,F$4:G$4,R$4) -> 530.52216 | S31: =TREND(F31:G31,F$4:G$4,S$4) -> 508.8478 | T31: =TREND(G31:H31,G$4:H$4,T$4) -> 471.87258 | U31: =TREND(G31:H31,G$4:H$4,U$4) -> 436.71249 | V31: =TREND(H31:I31,H$4:I$4,V$4) -> 389.63854 | X31: =事故释放率!A8 -> Kr-88 | Y31: {=SUMPRODUCT(Y$5:Y$18,TRANSPOSE(事故释放率!$B8:$O8))} -> 4.6170903e-11 | Z31: {=SUMPRODUCT(Z$5:Z$18,TRANSPOSE(事故释放率!$B8:$O8))} -> 6.3534617e-11 | AA31: {=SUMPRODUCT(AA$5:AA$18,TRANSPOSE(事故释放率!$B8:$O8))} -> 1.3842607e-10 | AB31: {=SUMPRODUCT(AB$5:AB$18,TRANSPOSE(事故释放率!$B8:$O8))} -> 2.365948e-10 | AC31: {=SUMPRODUCT(AC$5:AC$18,TRANSPOSE(事故释放率!$B8:$O8))} -> 5.5324121e-10 | AD31: {=SUMPRODUCT(AD$5:AD$18,TRANSPOSE(事故释放率!$B8:$O8))} -> 3.3792766e-10 | AE31: {=SUMPRODUCT(AE$5:AE$18,TRANSPOSE(事故释放率!$B8:$O8))} -> 2.4766961e-10 | AG31: =MMULT(事故释放率!$B8:$O8,Y$5:Y$18) -> 4.6170903e-11 | AH31: =MMULT(事故释放率!$B8:$O8,Z$5:Z$18) -> 6.3534617e-11 | AI31: =MMULT(事故释放率!$B8:$O8,AA$5:AA$18) -> 1.3842607e-10 | AJ31: =MMULT(事故释放率!$B8:$O8,AB$5:AB$18) -> 2.365948e-10 | AK31: =MMULT(事故释放率!$B8:$O8,AC$5:AC$18) -> 5.5324121e-10 | AL31: =MMULT(事故释放率!$B8:$O8,AD$5:AD$18) -> 3.3792766e-10
A32: 241.5 | B32: 719.2 | C32: 713.22 | D32: 695.54 | E32: 660.85 | F32: 619.54 | G32: 565.38 | H32: 477.73 | I32: 417.18 | K32: =A32 -> 241.5 | L32: =TREND(B32:C32,B$4:C$4,L$4) -> 726.80622 | M32: =TREND(C32:D32,C$4:D$4,M$4) -> 700.85557 | N32: =TREND(D32:E32,D$4:E$4,N$4) -> 679.67601 | O32: =TREND(D32:E32,D$4:E$4,O$4) -> 661.03744 | P32: =TREND(E32:F32,E$4:F$4,P$4) -> 639.18885 | Q32: =TREND(E32:F32,E$4:F$4,Q$4) -> 619.87459 | R32: =TREND(F32:G32,F$4:G$4,R$4) -> 591.91896 | S32: =TREND(F32:G32,F$4:G$4,S$4) -> 566.02257 | T32: =TREND(G32:H32,G$4:H$4,T$4) -> 521.45564 | U32: =TREND(G32:H32,G$4:H$4,U$4) -> 479.07108 | V32: =TREND(H32:I32,H$4:I$4,V$4) -> 422.92562 | X32: =事故释放率!A9 -> Xe-131m | Y32: {=SUMPRODUCT(Y$5:Y$18,TRANSPOSE(事故释放率!$B9:$O9))} -> 4.5585521e-12 | Z32: {=SUMPRODUCT(Z$5:Z$18,TRANSPOSE(事故释放率!$B9:$O9))} -> 6.2347812e-12 | AA32: {=SUMPRODUCT(AA$5:AA$18,TRANSPOSE(事故释放率!$B9:$O9))} -> 1.3051847e-11 | AB32: {=SUMPRODUCT(AB$5:AB$18,TRANSPOSE(事故释放率!$B9:$O9))} -> 2.0492798e-11 | AC32: {=SUMPRODUCT(AC$5:AC$18,TRANSPOSE(事故释放率!$B9:$O9))} -> 3.8053797e-11 | AD32: {=SUMPRODUCT(AD$5:AD$18,TRANSPOSE(事故释放率!$B9:$O9))} -> 2.826119e-11 | AE32: {=SUMPRODUCT(AE$5:AE$18,TRANSPOSE(事故释放率!$B9:$O9))} -> 2.1530167e-11 | AG32: =MMULT(事故释放率!$B9:$O9,Y$5:Y$18) -> 4.5585521e-12 | AH32: =MMULT(事故释放率!$B9:$O9,Z$5:Z$18) -> 6.2347812e-12 | AI32: =MMULT(事故释放率!$B9:$O9,AA$5:AA$18) -> 1.3051847e-11 | AJ32: =MMULT(事故释放率!$B9:$O9,AB$5:AB$18) -> 2.0492798e-11 | AK32: =MMULT(事故释放率!$B9:$O9,AC$5:AC$18) -> 3.8053797e-11 | AL32: =MMULT(事故释放率!$B9:$O9,AD$5:AD$18) -> 2.826119e-11
A33: 296.5 | B33: 803.96 | C33: 797.24 | D33: 777.53 | E33: 738.97 | F33: 691.81 | G33: 628.85 | H33: 530.33 | I33: 464.71 | K33: =A33 -> 296.5 | L33: =TREND(B33:C33,B$4:C$4,L$4) -> 812.50745 | M33: =TREND(C33:D33,C$4:D$4,M$4) -> 783.4559 | N33: =TREND(D33:E33,D$4:E$4,N$4) -> 759.89624 | O33: =TREND(D33:E33,D$4:E$4,O$4) -> 739.17835 | P33: =TREND(E33:F33,E$4:F$4,P$4) -> 714.24136 | Q33: =TREND(E33:F33,E$4:F$4,Q$4) -> 692.19197 | R33: =TREND(F33:G33,F$4:G$4,R$4) -> 659.70105 | S33: =TREND(F33:G33,F$4:G$4,S$4) -> 629.59697 | T33: =TREND(G33:H33,G$4:H$4,T$4) -> 579.47832 | U33: =TREND(G33:H33,G$4:H$4,U$4) -> 531.83739 | V33: =TREND(H33:I33,H$4:I$4,V$4) -> 470.93672 | X33: =事故释放率!A10 -> Xe-133 | Y33: {=SUMPRODUCT(Y$5:Y$18,TRANSPOSE(事故释放率!$B10:$O10))} -> 6.8914606e-12 | Z33: {=SUMPRODUCT(Z$5:Z$18,TRANSPOSE(事故释放率!$B10:$O10))} -> 9.4420288e-12 | AA33: {=SUMPRODUCT(AA$5:AA$18,TRANSPOSE(事故释放率!$B10:$O10))} -> 2.0076651e-11 | AB33: {=SUMPRODUCT(AB$5:AB$18,TRANSPOSE(事故释放率!$B10:$O10))} -> 3.2587232e-11 | AC33: {=SUMPRODUCT(AC$5:AC$18,TRANSPOSE(事故释放率!$B10:$O10))} -> 6.4734249e-11 | AD33: {=SUMPRODUCT(AD$5:AD$18,TRANSPOSE(事故释放率!$B10:$O10))} -> 4.5583562e-11 | AE33: {=SUMPRODUCT(AE$5:AE$18,TRANSPOSE(事故释放率!$B10:$O10))} -> 3.4186569e-11 | AG33: =MMULT(事故释放率!$B10:$O10,Y$5:Y$18) -> 6.8914606e-12 | AH33: =MMULT(事故释放率!$B10:$O10,Z$5:Z$18) -> 9.4420288e-12 | AI33: =MMULT(事故释放率!$B10:$O10,AA$5:AA$18) -> 2.0076651e-11 | AJ33: =MMULT(事故释放率!$B10:$O10,AB$5:AB$18) -> 3.2587232e-11 | AK33: =MMULT(事故释放率!$B10:$O10,AC$5:AC$18) -> 6.4734249e-11 | AL33: =MMULT(事故释放率!$B10:$O10,AD$5:AD$18) -> 4.5583562e-11
A34: 357.5 | B34: 883.97 | C34: 876.55 | D34: 855.11 | E34: 813.49 | F34: 761.39 | G34: 690.37 | H34: 580.34 | I34: 507.5 | K34: =A34 -> 357.5 | L34: =TREND(B34:C34,B$4:C$4,L$4) -> 893.40781 | M34: =TREND(C34:D34,C$4:D$4,M$4) -> 861.55603 | N34: =TREND(D34:E34,D$4:E$4,N$4) -> 836.07688 | O34: =TREND(D34:E34,D$4:E$4,O$4) -> 813.71489 | P34: =TREND(E34:F34,E$4:F$4,P$4) -> 786.17104 | Q34: =TREND(E34:F34,E$4:F$4,Q$4) -> 761.81198 | R34: =TREND(F34:G34,F$4:G$4,R$4) -> 725.17053 | S34: =TREND(F34:G34,F$4:G$4,S$4) -> 691.2126 | T34: =TREND(G34:H34,G$4:H$4,T$4) -> 635.23027 | U34: =TREND(G34:H34,G$4:H$4,U$4) -> 582.0235 | V34: =TREND(H34:I34,H$4:I$4,V$4) -> 514.41182 | X34: =事故释放率!A11 -> Xe-133m | Y34: {=SUMPRODUCT(Y$5:Y$18,TRANSPOSE(事故释放率!$B11:$O11))} -> 1.0705768e-11 | Z34: {=SUMPRODUCT(Z$5:Z$18,TRANSPOSE(事故释放率!$B11:$O11))} -> 1.4685884e-11 | AA34: {=SUMPRODUCT(AA$5:AA$18,TRANSPOSE(事故释放率!$B11:$O11))} -> 3.1562277e-11 | AB34: {=SUMPRODUCT(AB$5:AB$18,TRANSPOSE(事故释放率!$B11:$O11))} -> 5.2407536e-11 | AC34: {=SUMPRODUCT(AC$5:AC$18,TRANSPOSE(事故释放率!$B11:$O11))} -> 1.1090646e-10 | AD34: {=SUMPRODUCT(AD$5:AD$18,TRANSPOSE(事故释放率!$B11:$O11))} -> 7.3997377e-11 | AE34: {=SUMPRODUCT(AE$5:AE$18,TRANSPOSE(事故释放率!$B11:$O11))} -> 5.4925695e-11 | AG34: =MMULT(事故释放率!$B11:$O11,Y$5:Y$18) -> 1.0705768e-11 | AH34: =MMULT(事故释放率!$B11:$O11,Z$5:Z$18) -> 1.4685884e-11 | AI34: =MMULT(事故释放率!$B11:$O11,AA$5:AA$18) -> 3.1562277e-11 | AJ34: =MMULT(事故释放率!$B11:$O11,AB$5:AB$18) -> 5.2407536e-11 | AK34: =MMULT(事故释放率!$B11:$O11,AC$5:AC$18) -> 1.1090646e-10 | AL34: =MMULT(事故释放率!$B11:$O11,AD$5:AD$18) -> 7.3997377e-11
A35: 412.5 | B35: 943.76 | C35: 935.78 | D35: 912.98 | E35: 868.9 | F35: 813.06 | G35: 736.72 | H35: 619.91 | I35: 543.02 | K35: =A35 -> 412.5 | L35: =TREND(B35:C35,B$4:C$4,L$4) -> 953.9101 | M35: =TREND(C35:D35,C$4:D$4,M$4) -> 919.83492 | N35: =TREND(D35:E35,D$4:E$4,N$4) -> 892.8219 | O35: =TREND(D35:E35,D$4:E$4,O$4) -> 869.13818 | P35: =TREND(E35:F35,E$4:F$4,P$4) -> 839.61995 | Q35: =TREND(E35:F35,E$4:F$4,Q$4) -> 813.51228 | R35: =TREND(F35:G35,F$4:G$4,R$4) -> 774.12738 | S35: =TREND(F35:G35,F$4:G$4,S$4) -> 737.62571 | T35: =TREND(G35:H35,G$4:H$4,T$4) -> 678.18258 | U35: =TREND(G35:H35,G$4:H$4,U$4) -> 621.69724 | V35: =TREND(H35:I35,H$4:I$4,V$4) -> 550.31613 | X35: =事故释放率!A12 -> Xe-135 | Y35: {=SUMPRODUCT(Y$5:Y$18,TRANSPOSE(事故释放率!$B12:$O12))} -> 2.5735333e-11 | Z35: {=SUMPRODUCT(Z$5:Z$18,TRANSPOSE(事故释放率!$B12:$O12))} -> 3.5348351e-11 | AA35: {=SUMPRODUCT(AA$5:AA$18,TRANSPOSE(事故释放率!$B12:$O12))} -> 7.6819966e-11 | AB35: {=SUMPRODUCT(AB$5:AB$18,TRANSPOSE(事故释放率!$B12:$O12))} -> 1.305178e-10 | AC35: {=SUMPRODUCT(AC$5:AC$18,TRANSPOSE(事故释放率!$B12:$O12))} -> 2.9844774e-10 | AD35: {=SUMPRODUCT(AD$5:AD$18,TRANSPOSE(事故释放率!$B12:$O12))} -> 1.8598008e-10 | AE35: {=SUMPRODUCT(AE$5:AE$18,TRANSPOSE(事故释放率!$B12:$O12))} -> 1.3665647e-10 | AG35: =MMULT(事故释放率!$B12:$O12,Y$5:Y$18) -> 2.5735333e-11 | AH35: =MMULT(事故释放率!$B12:$O12,Z$5:Z$18) -> 3.5348351e-11 | AI35: =MMULT(事故释放率!$B12:$O12,AA$5:AA$18) -> 7.6819966e-11 | AJ35: =MMULT(事故释放率!$B12:$O12,AB$5:AB$18) -> 1.305178e-10 | AK35: =MMULT(事故释放率!$B12:$O12,AC$5:AC$18) -> 2.9844774e-10 | AL35: =MMULT(事故释放率!$B12:$O12,AD$5:AD$18) -> 1.8598008e-10
A36: 467.5 | B36: 990.72 | C36: 982.28 | D36: 958.35 | E36: 912.28 | F36: 853.65 | G36: 773.55 | H36: 652.28 | I36: 572.92 | K36: =A36 -> 467.5 | L36: =TREND(B36:C36,B$4:C$4,L$4) -> 1001.4552 | M36: =TREND(C36:D36,C$4:D$4,M$4) -> 965.54466 | N36: =TREND(D36:E36,D$4:E$4,N$4) -> 937.28186 | O36: =TREND(D36:E36,D$4:E$4,O$4) -> 912.52893 | P36: =TREND(E36:F36,E$4:F$4,P$4) -> 881.537 | Q36: =TREND(E36:F36,E$4:F$4,Q$4) -> 854.12487 | R36: =TREND(F36:G36,F$4:G$4,R$4) -> 812.79982 | S36: =TREND(F36:G36,F$4:G$4,S$4) -> 774.50032 | T36: =TREND(G36:H36,G$4:H$4,T$4) -> 712.77753 | U36: =TREND(G36:H36,G$4:H$4,U$4) -> 654.13548 | V36: =TREND(H36:I36,H$4:I$4,V$4) -> 580.45051 | X36: =事故释放率!A13 -> I-131 | Y36: {=SUMPRODUCT(Y$5:Y$18,TRANSPOSE(事故释放率!$B13:$O13))} -> 1.516786e-12 | Z36: {=SUMPRODUCT(Z$5:Z$18,TRANSPOSE(事故释放率!$B13:$O13))} -> 3.3037773e-12 | AA36: {=SUMPRODUCT(AA$5:AA$18,TRANSPOSE(事故释放率!$B13:$O13))} -> 1.2550469e-11 | AB36: {=SUMPRODUCT(AB$5:AB$18,TRANSPOSE(事故释放率!$B13:$O13))} -> 2.2425183e-11 | AC36: {=SUMPRODUCT(AC$5:AC$18,TRANSPOSE(事故释放率!$B13:$O13))} -> 4.6474277e-11 | AD36: {=SUMPRODUCT(AD$5:AD$18,TRANSPOSE(事故释放率!$B13:$O13))} -> 3.2774031e-11 | AE36: {=SUMPRODUCT(AE$5:AE$18,TRANSPOSE(事故释放率!$B13:$O13))} -> 2.3894442e-11 | AG36: =MMULT(事故释放率!$B13:$O13,Y$5:Y$18) -> 1.516786e-12 | AH36: =MMULT(事故释放率!$B13:$O13,Z$5:Z$18) -> 3.3037773e-12 | AI36: =MMULT(事故释放率!$B13:$O13,AA$5:AA$18) -> 1.2550469e-11 | AJ36: =MMULT(事故释放率!$B13:$O13,AB$5:AB$18) -> 2.2425183e-11 | AK36: =MMULT(事故释放率!$B13:$O13,AC$5:AC$18) -> 4.6474277e-11 | AL36: =MMULT(事故释放率!$B13:$O13,AD$5:AD$18) -> 3.2774031e-11
A37: 522.5 | B37: 1025.27 | C37: 1016.49 | D37: 991.82 | E37: 944.52 | F37: 883.77 | G37: 799.98 | H37: 674.16 | I37: 592.96 | K37: =A37 -> 522.5 | L37: =TREND(B37:C37,B$4:C$4,L$4) -> 1036.4377 | M37: =TREND(C37:D37,C$4:D$4,M$4) -> 999.23714 | N37: =TREND(D37:E37,D$4:E$4,N$4) -> 970.18937 | O37: =TREND(D37:E37,D$4:E$4,O$4) -> 944.77558 | P37: =TREND(E37:F37,E$4:F$4,P$4) -> 912.66536 | Q37: =TREND(E37:F37,E$4:F$4,Q$4) -> 884.26204 | R37: =TREND(F37:G37,F$4:G$4,R$4) -> 841.03796 | S37: =TREND(F37:G37,F$4:G$4,S$4) -> 800.9741 | T37: =TREND(G37:H37,G$4:H$4,T$4) -> 736.92737 | U37: =TREND(G37:H37,G$4:H$4,U$4) -> 676.08509 | V37: =TREND(H37:I37,H$4:I$4,V$4) -> 600.66511 | X37: =事故释放率!A14 -> I-132 | Y37: {=SUMPRODUCT(Y$5:Y$18,TRANSPOSE(事故释放率!$B14:$O14))} -> 1.3536655e-11 | Z37: {=SUMPRODUCT(Z$5:Z$18,TRANSPOSE(事故释放率!$B14:$O14))} -> 2.9631044e-11 | AA37: {=SUMPRODUCT(AA$5:AA$18,TRANSPOSE(事故释放率!$B14:$O14))} -> 1.1793198e-10 | AB37: {=SUMPRODUCT(AB$5:AB$18,TRANSPOSE(事故释放率!$B14:$O14))} -> 2.2709157e-10 | AC37: {=SUMPRODUCT(AC$5:AC$18,TRANSPOSE(事故释放率!$B14:$O14))} -> 5.7680877e-10 | AD37: {=SUMPRODUCT(AD$5:AD$18,TRANSPOSE(事故释放率!$B14:$O14))} -> 3.4034856e-10 | AE37: {=SUMPRODUCT(AE$5:AE$18,TRANSPOSE(事故释放率!$B14:$O14))} -> 2.4076671e-10 | AG37: =MMULT(事故释放率!$B14:$O14,Y$5:Y$18) -> 1.3536655e-11 | AH37: =MMULT(事故释放率!$B14:$O14,Z$5:Z$18) -> 2.9631044e-11 | AI37: =MMULT(事故释放率!$B14:$O14,AA$5:AA$18) -> 1.1793198e-10 | AJ37: =MMULT(事故释放率!$B14:$O14,AB$5:AB$18) -> 2.2709157e-10 | AK37: =MMULT(事故释放率!$B14:$O14,AC$5:AC$18) -> 5.7680877e-10 | AL37: =MMULT(事故释放率!$B14:$O14,AD$5:AD$18) -> 3.4034856e-10
A38: 577.5 | B38: 1048.95 | C38: 1039.97 | D38: 1014.92 | E38: 966.71 | F38: 902.7 | G38: 810.54 | H38: 665.22 | I38: 567.88 | K38: =A38 -> 577.5 | L38: =TREND(B38:C38,B$4:C$4,L$4) -> 1060.372 | M38: =TREND(C38:D38,C$4:D$4,M$4) -> 1022.4514 | N38: =TREND(D38:E38,D$4:E$4,N$4) -> 992.87322 | O38: =TREND(D38:E38,D$4:E$4,O$4) -> 966.97049 | P38: =TREND(E38:F38,E$4:F$4,P$4) -> 933.14596 | Q38: =TREND(E38:F38,E$4:F$4,Q$4) -> 903.21845 | R38: =TREND(F38:G38,F$4:G$4,R$4) -> 855.69934 | S38: =TREND(F38:G38,F$4:G$4,S$4) -> 811.6334 | T38: =TREND(G38:H38,G$4:H$4,T$4) -> 737.71526 | U38: =TREND(G38:H38,G$4:H$4,U$4) -> 667.44345 | V38: =TREND(H38:I38,H$4:I$4,V$4) -> 577.11664 | X38: =事故释放率!A15 -> I-133 | Y38: {=SUMPRODUCT(Y$5:Y$18,TRANSPOSE(事故释放率!$B15:$O15))} -> 4.6212988e-12 | Z38: {=SUMPRODUCT(Z$5:Z$18,TRANSPOSE(事故释放率!$B15:$O15))} -> 1.010354e-11 | AA38: {=SUMPRODUCT(AA$5:AA$18,TRANSPOSE(事故释放率!$B15:$O15))} -> 3.9764951e-11 | AB38: {=SUMPRODUCT(AB$5:AB$18,TRANSPOSE(事故释放率!$B15:$O15))} -> 7.526251e-11 | AC38: {=SUMPRODUCT(AC$5:AC$18,TRANSPOSE(事故释放率!$B15:$O15))} -> 1.8096942e-10 | AD38: {=SUMPRODUCT(AD$5:AD$18,TRANSPOSE(事故释放率!$B15:$O15))} -> 1.1217011e-10 | AE38: {=SUMPRODUCT(AE$5:AE$18,TRANSPOSE(事故释放率!$B15:$O15))} -> 7.9883979e-11 | AG38: =MMULT(事故释放率!$B15:$O15,Y$5:Y$18) -> 4.6212988e-12 | AH38: =MMULT(事故释放率!$B15:$O15,Z$5:Z$18) -> 1.010354e-11 | AI38: =MMULT(事故释放率!$B15:$O15,AA$5:AA$18) -> 3.9764951e-11 | AJ38: =MMULT(事故释放率!$B15:$O15,AB$5:AB$18) -> 7.526251e-11 | AK38: =MMULT(事故释放率!$B15:$O15,AC$5:AC$18) -> 1.8096942e-10 | AL38: =MMULT(事故释放率!$B15:$O15,AD$5:AD$18) -> 1.1217011e-10
A39: 632.5 | B39: 1064.17 | C39: 1055.13 | D39: 1030.1 | E39: 981.99 | F39: 917.24 | G39: 822.88 | H39: 674.76 | I39: 576.76 | K39: =A39 -> 632.5 | L39: =TREND(B39:C39,B$4:C$4,L$4) -> 1075.6684 | M39: =TREND(C39:D39,C$4:D$4,M$4) -> 1037.6254 | N39: =TREND(D39:E39,D$4:E$4,N$4) -> 1008.099 | O39: =TREND(D39:E39,D$4:E$4,O$4) -> 982.24995 | P39: =TREND(E39:F39,E$4:F$4,P$4) -> 948.03794 | Q39: =TREND(E39:F39,E$4:F$4,Q$4) -> 917.76444 | R39: =TREND(F39:G39,F$4:G$4,R$4) -> 869.11737 | S39: =TREND(F39:G39,F$4:G$4,S$4) -> 823.99951 | T39: =TREND(G39:H39,G$4:H$4,T$4) -> 748.65209 | U39: =TREND(G39:H39,G$4:H$4,U$4) -> 677.02629 | V39: =TREND(H39:I39,H$4:I$4,V$4) -> 586.05927 | X39: =事故释放率!A16 -> I-134 | Y39: {=SUMPRODUCT(Y$5:Y$18,TRANSPOSE(事故释放率!$B16:$O16))} -> 2.0882128e-11 | Z39: {=SUMPRODUCT(Z$5:Z$18,TRANSPOSE(事故释放率!$B16:$O16))} -> 4.5720417e-11 | AA39: {=SUMPRODUCT(AA$5:AA$18,TRANSPOSE(事故释放率!$B16:$O16))} -> 1.8235179e-10 | AB39: {=SUMPRODUCT(AB$5:AB$18,TRANSPOSE(事故释放率!$B16:$O16))} -> 3.5226317e-10 | AC39: {=SUMPRODUCT(AC$5:AC$18,TRANSPOSE(事故释放率!$B16:$O16))} -> 9.0352516e-10 | AD39: {=SUMPRODUCT(AD$5:AD$18,TRANSPOSE(事故释放率!$B16:$O16))} -> 5.284857e-10 | AE39: {=SUMPRODUCT(AE$5:AE$18,TRANSPOSE(事故释放率!$B16:$O16))} -> 3.7339936e-10 | AG39: =MMULT(事故释放率!$B16:$O16,Y$5:Y$18) -> 2.0882128e-11 | AH39: =MMULT(事故释放率!$B16:$O16,Z$5:Z$18) -> 4.5720417e-11 | AI39: =MMULT(事故释放率!$B16:$O16,AA$5:AA$18) -> 1.8235179e-10 | AJ39: =MMULT(事故释放率!$B16:$O16,AB$5:AB$18) -> 3.5226317e-10 | AK39: =MMULT(事故释放率!$B16:$O16,AC$5:AC$18) -> 9.0352516e-10 | AL39: =MMULT(事故释放率!$B16:$O16,AD$5:AD$18) -> 5.284857e-10
A40: 687.5 | B40: 1072.41 | C40: 1063.4 | D40: 1038.59 | E40: 991.08 | F40: 926.64 | G40: 831.97 | H40: 683.27 | I40: 584.96 | K40: =A40 -> 687.5 | L40: =TREND(B40:C40,B$4:C$4,L$4) -> 1083.8702 | M40: =TREND(C40:D40,C$4:D$4,M$4) -> 1046.0492 | N40: =TREND(D40:E40,D$4:E$4,N$4) -> 1016.8633 | O40: =TREND(D40:E40,D$4:E$4,O$4) -> 991.33671 | P40: =TREND(E40:F40,E$4:F$4,P$4) -> 957.29049 | Q40: =TREND(E40:F40,E$4:F$4,Q$4) -> 927.16193 | R40: =TREND(F40:G40,F$4:G$4,R$4) -> 878.35927 | S40: =TREND(F40:G40,F$4:G$4,S$4) -> 833.09318 | T40: =TREND(G40:H40,G$4:H$4,T$4) -> 757.45143 | U40: =TREND(G40:H40,G$4:H$4,U$4) -> 685.54517 | V40: =TREND(H40:I40,H$4:I$4,V$4) -> 594.28869 | X40: =事故释放率!A17 -> I-135 | Y40: {=SUMPRODUCT(Y$5:Y$18,TRANSPOSE(事故释放率!$B17:$O17))} -> 8.1658198e-12 | Z40: {=SUMPRODUCT(Z$5:Z$18,TRANSPOSE(事故释放率!$B17:$O17))} -> 1.7867121e-11 | AA40: {=SUMPRODUCT(AA$5:AA$18,TRANSPOSE(事故释放率!$B17:$O17))} -> 7.0839642e-11 | AB40: {=SUMPRODUCT(AB$5:AB$18,TRANSPOSE(事故释放率!$B17:$O17))} -> 1.3561428e-10 | AC40: {=SUMPRODUCT(AC$5:AC$18,TRANSPOSE(事故释放率!$B17:$O17))} -> 3.3824074e-10 | AD40: {=SUMPRODUCT(AD$5:AD$18,TRANSPOSE(事故释放率!$B17:$O17))} -> 2.0286744e-10 | AE40: {=SUMPRODUCT(AE$5:AE$18,TRANSPOSE(事故释放率!$B17:$O17))} -> 1.4383502e-10 | AG40: =MMULT(事故释放率!$B17:$O17,Y$5:Y$18) -> 8.1658198e-12 | AH40: =MMULT(事故释放率!$B17:$O17,Z$5:Z$18) -> 1.7867121e-11 | AI40: =MMULT(事故释放率!$B17:$O17,AA$5:AA$18) -> 7.0839642e-11 | AJ40: =MMULT(事故释放率!$B17:$O17,AB$5:AB$18) -> 1.3561428e-10 | AK40: =MMULT(事故释放率!$B17:$O17,AC$5:AC$18) -> 3.3824074e-10 | AL40: =MMULT(事故释放率!$B17:$O17,AD$5:AD$18) -> 2.0286744e-10
A41: 742.5 | B41: 1075.06 | C41: 1066.1 | D41: 1041.64 | E41: 994.87 | F41: 930.89 | G41: 836.21 | H41: 686.9 | I41: 588.15 | K41: =A41 -> 742.5 | L41: =TREND(B41:C41,B$4:C$4,L$4) -> 1086.4566 | M41: =TREND(C41:D41,C$4:D$4,M$4) -> 1048.994 | N41: =TREND(D41:E41,D$4:E$4,N$4) -> 1020.2517 | O41: =TREND(D41:E41,D$4:E$4,O$4) -> 995.12271 | P41: =TREND(E41:F41,E$4:F$4,P$4) -> 961.32169 | Q41: =TREND(E41:F41,E$4:F$4,Q$4) -> 931.40821 | R41: =TREND(F41:G41,F$4:G$4,R$4) -> 882.60417 | S41: =TREND(F41:G41,F$4:G$4,S$4) -> 837.3333 | T41: =TREND(G41:H41,G$4:H$4,T$4) -> 761.38574 | U41: =TREND(G41:H41,G$4:H$4,U$4) -> 689.1845 | V41: =TREND(H41:I41,H$4:I$4,V$4) -> 597.52044 | X41: =事故释放率!A18 -> Sr-89 | Y41: 9.908e-18 | Z41: 5.790651e-15 | AA41: 1.8958619e-13 | AB41: 3.207465e-13 | AC41: 1.2905582e-13 | AD41: 7.1246175e-14 | AE41: 3.80097e-14 | AG41: =MMULT(事故释放率!$B18:$O18,Y$5:Y$18) -> 4.9503944e-17 | AH41: =MMULT(事故释放率!$B18:$O18,Z$5:Z$18) -> 5.4252853e-16 | AI41: =MMULT(事故释放率!$B18:$O18,AA$5:AA$18) -> 1.6779281e-14 | AJ41: =MMULT(事故释放率!$B18:$O18,AB$5:AB$18) -> 4.4858422e-14 | AK41: =MMULT(事故释放率!$B18:$O18,AC$5:AC$18) -> 1.1052354e-13 | AL41: =MMULT(事故释放率!$B18:$O18,AD$5:AD$18) -> 7.3819747e-14
A42: 797.5 | B42: 1073.3 | C42: 1064.47 | D42: 1040.51 | E42: 994.66 | F42: 930.95 | G42: 835.39 | H42: 684.21 | I42: 584.44 | K42: =A42 -> 797.5 | L42: =TREND(B42:C42,B$4:C$4,L$4) -> 1084.5313 | M42: =TREND(C42:D42,C$4:D$4,M$4) -> 1047.7137 | N42: =TREND(D42:E42,D$4:E$4,N$4) -> 1019.5425 | O42: =TREND(D42:E42,D$4:E$4,O$4) -> 994.90774 | P42: =TREND(E42:F42,E$4:F$4,P$4) -> 961.25327 | Q42: =TREND(E42:F42,E$4:F$4,Q$4) -> 931.46602 | R42: =TREND(F42:G42,F$4:G$4,R$4) -> 882.21538 | S42: =TREND(F42:G42,F$4:G$4,S$4) -> 836.52374 | T42: =TREND(G42:H42,G$4:H$4,T$4) -> 759.62862 | U42: =TREND(G42:H42,G$4:H$4,U$4) -> 686.52311 | V42: =TREND(H42:I42,H$4:I$4,V$4) -> 593.90723 | X42: =事故释放率!A19 -> Sr-90 | Y42: 9.494e-18 | Z42: 5.555176e-15 | AA42: 1.8441577e-13 | AB42: 3.2442075e-13 | AC42: 1.3243938e-13 | AD42: 7.4254375e-14 | AE42: 4.02206e-14 | AG42: =MMULT(事故释放率!$B19:$O19,Y$5:Y$18) -> 4.745743e-17 | AH42: =MMULT(事故释放率!$B19:$O19,Z$5:Z$18) -> 5.2130692e-16 | AI42: =MMULT(事故释放率!$B19:$O19,AA$5:AA$18) -> 1.629492e-14 | AJ42: =MMULT(事故释放率!$B19:$O19,AB$5:AB$18) -> 4.4215387e-14 | AK42: =MMULT(事故释放率!$B19:$O19,AC$5:AC$18) -> 1.0996995e-13 | AL42: =MMULT(事故释放率!$B19:$O19,AD$5:AD$18) -> 7.2975337e-14
A43: 852.5 | B43: 1067.99 | C43: 1059.34 | D43: 1035.97 | E43: 990.92 | F43: 926.61 | G43: 828.7 | H43: 673.75 | I43: 571.93 | K43: =A43 -> 852.5 | L43: =TREND(B43:C43,B$4:C$4,L$4) -> 1078.9923 | M43: =TREND(C43:D43,C$4:D$4,M$4) -> 1042.9963 | N43: =TREND(D43:E43,D$4:E$4,N$4) -> 1015.3683 | O43: =TREND(D43:E43,D$4:E$4,O$4) -> 991.16342 | P43: =TREND(E43:F43,E$4:F$4,P$4) -> 957.19866 | Q43: =TREND(E43:F43,E$4:F$4,Q$4) -> 927.13088 | R43: =TREND(F43:G43,F$4:G$4,R$4) -> 876.6769 | S43: =TREND(F43:G43,F$4:G$4,S$4) -> 829.86162 | T43: =TREND(G43:H43,G$4:H$4,T$4) -> 751.04935 | U43: =TREND(G43:H43,G$4:H$4,U$4) -> 676.12079 | V43: =TREND(H43:I43,H$4:I$4,V$4) -> 581.59175 | X43: =事故释放率!A20 -> Cs-134 | Y43: 4.063e-14 | Z43: 1.7330292e-12 | AA43: 2.0738575e-11 | AB43: 3.5338375e-10 | AC43: 3.0055687e-10 | AD43: 1.7705827e-10 | AE43: 9.672285e-11 | AG43: =MMULT(事故释放率!$B20:$O20,Y$5:Y$18) -> 5.8391407e-14 | AH43: =MMULT(事故释放率!$B20:$O20,Z$5:Z$18) -> 2.6431353e-13 | AI43: =MMULT(事故释放率!$B20:$O20,AA$5:AA$18) -> 2.3018893e-12 | AJ43: =MMULT(事故释放率!$B20:$O20,AB$5:AB$18) -> 1.9992376e-11 | AK43: =MMULT(事故释放率!$B20:$O20,AC$5:AC$18) -> 1.0171333e-10 | AL43: =MMULT(事故释放率!$B20:$O20,AD$5:AD$18) -> 3.7768574e-11
A44: 907.5 | B44: 1059.57 | C44: 1051.1 | D44: 1028.31 | E44: 983.77 | F44: 917.74 | G44: 815.65 | H44: 654.7 | I44: 550.04 | K44: =A44 -> 907.5 | L44: =TREND(B44:C44,B$4:C$4,L$4) -> 1070.3434 | M44: =TREND(C44:D44,C$4:D$4,M$4) -> 1035.1619 | N44: =TREND(D44:E44,D$4:E$4,N$4) -> 1007.9415 | O44: =TREND(D44:E44,D$4:E$4,O$4) -> 984.01066 | P44: =TREND(E44:F44,E$4:F$4,P$4) -> 949.14676 | Q44: =TREND(E44:F44,E$4:F$4,Q$4) -> 918.27481 | R44: =TREND(F44:G44,F$4:G$4,R$4) -> 865.67515 | S44: =TREND(F44:G44,F$4:G$4,S$4) -> 816.86122 | T44: =TREND(G44:H44,G$4:H$4,T$4) -> 734.99255 | U44: =TREND(G44:H44,G$4:H$4,U$4) -> 657.1626 | V44: =TREND(H44:I44,H$4:I$4,V$4) -> 559.97124 | X44: =事故释放率!A21 -> Cs-137 | Y44: 4.688e-14 | Z44: 2.0023414e-12 | AA44: 2.35416e-11 | AB44: 3.5538275e-10 | AC44: 3.004945e-10 | AD44: 1.7706945e-10 | AE44: 9.6846275e-11 | AG44: =MMULT(事故释放率!$B21:$O21,Y$5:Y$18) -> 6.3152471e-14 | AH44: =MMULT(事故释放率!$B21:$O21,Z$5:Z$18) -> 2.9409309e-13 | AI44: =MMULT(事故释放率!$B21:$O21,AA$5:AA$18) -> 2.6195176e-12 | AJ44: =MMULT(事故释放率!$B21:$O21,AB$5:AB$18) -> 2.0942062e-11 | AK44: =MMULT(事故释放率!$B21:$O21,AC$5:AC$18) -> 1.040125e-10 | AL44: =MMULT(事故释放率!$B21:$O21,AD$5:AD$18) -> 3.9369896e-11
A45: 962.5 | B45: 1048.22 | C45: 1039.92 | D45: 1017.38 | E45: 972.25 | F45: 902.77 | G45: 794.82 | H45: 626.86 | I45: 519.6 | K45: =A45 -> 962.5 | L45: =TREND(B45:C45,B$4:C$4,L$4) -> 1058.7771 | M45: =TREND(C45:D45,C$4:D$4,M$4) -> 1024.1568 | N45: =TREND(D45:E45,D$4:E$4,N$4) -> 996.74173 | O45: =TREND(D45:E45,D$4:E$4,O$4) -> 972.49385 | P45: =TREND(E45:F45,E$4:F$4,P$4) -> 935.81773 | Q45: =TREND(E45:F45,E$4:F$4,Q$4) -> 903.33275 | R45: =TREND(F45:G45,F$4:G$4,R$4) -> 847.71661 | S45: =TREND(F45:G45,F$4:G$4,S$4) -> 796.10074 | T45: =TREND(G45:H45,G$4:H$4,T$4) -> 710.6496 | U45: =TREND(G45:H45,G$4:H$4,U$4) -> 629.42985 | V45: =TREND(H45:I45,H$4:I$4,V$4) -> 529.77796 | X45: =事故释放率!A22 -> Ag-110m | Y45: 1.879e-12 | Z45: 3.8575556e-10 | AA45: 4.8268475e-10 | AB45: 1.4304925e-09 | AC45: 4.0919698e-08 | AD45: 4.7227275e-08 | AE45: 3.5632668e-08 | AG45: =MMULT(事故释放率!$B22:$O22,Y$5:Y$18) -> 5.8792278e-12 | AH45: =MMULT(事故释放率!$B22:$O22,Z$5:Z$18) -> 4.4852612e-11 | AI45: =MMULT(事故释放率!$B22:$O22,AA$5:AA$18) -> 6.990124e-10 | AJ45: =MMULT(事故释放率!$B22:$O22,AB$5:AB$18) -> 1.0530678e-09 | AK45: =MMULT(事故释放率!$B22:$O22,AC$5:AC$18) -> 2.4726082e-09 | AL45: =MMULT(事故释放率!$B22:$O22,AD$5:AD$18) -> 1.470028e-09
A46: 1017.5 | B46: 1039.64 | C46: 1031.05 | D46: 1006.93 | E46: 957.02 | F46: 879.69 | G46: 764.46 | H46: 591.99 | I46: 484.71 | K46: =A46 -> 1017.5 | L46: =TREND(B46:C46,B$4:C$4,L$4) -> 1050.566 | M46: =TREND(C46:D46,C$4:D$4,M$4) -> 1014.1818 | N46: =TREND(D46:E46,D$4:E$4,N$4) -> 984.1058 | O46: =TREND(D46:E46,D$4:E$4,O$4) -> 957.28968 | P46: =TREND(E46:F46,E$4:F$4,P$4) -> 916.47154 | Q46: =TREND(E46:F46,E$4:F$4,Q$4) -> 880.31633 | R46: =TREND(F46:G46,F$4:G$4,R$4) -> 820.92388 | S46: =TREND(F46:G46,F$4:G$4,S$4) -> 765.82711 | T46: =TREND(G46:H46,G$4:H$4,T$4) -> 678.02949 | U46: =TREND(G46:H46,G$4:H$4,U$4) -> 594.62886 | V46: =TREND(H46:I46,H$4:I$4,V$4) -> 494.88985 | X46: =事故释放率!A23 -> H-3 | Y46: {=SUMPRODUCT(Y$5:Y$18,TRANSPOSE(事故释放率!$B23:$O23))} -> 0 | Z46: {=SUMPRODUCT(Z$5:Z$18,TRANSPOSE(事故释放率!$B23:$O23))} -> 0 | AA46: {=SUMPRODUCT(AA$5:AA$18,TRANSPOSE(事故释放率!$B23:$O23))} -> 0 | AB46: {=SUMPRODUCT(AB$5:AB$18,TRANSPOSE(事故释放率!$B23:$O23))} -> 0 | AC46: {=SUMPRODUCT(AC$5:AC$18,TRANSPOSE(事故释放率!$B23:$O23))} -> 0 | AD46: {=SUMPRODUCT(AD$5:AD$18,TRANSPOSE(事故释放率!$B23:$O23))} -> 0 | AE46: {=SUMPRODUCT(AE$5:AE$18,TRANSPOSE(事故释放率!$B23:$O23))} -> 0 | AG46: =MMULT(事故释放率!$B23:$O23,Y$5:Y$18) -> 0 | AH46: =MMULT(事故释放率!$B23:$O23,Z$5:Z$18) -> 0 | AI46: =MMULT(事故释放率!$B23:$O23,AA$5:AA$18) -> 0 | AJ46: =MMULT(事故释放率!$B23:$O23,AB$5:AB$18) -> 0 | AK46: =MMULT(事故释放率!$B23:$O23,AC$5:AC$18) -> 0 | AL46: =MMULT(事故释放率!$B23:$O23,AD$5:AD$18) -> 0
A47: 1072.5 | B47: 1016.94 | C47: 1003.54 | D47: 971.47 | E47: 907.68 | F47: 818.71 | G47: 704.19 | H47: 551.05 | I47: 459.48 | K47: =A47 -> 1072.5 | L47: =TREND(B47:C47,B$4:C$4,L$4) -> 1033.984 | M47: =TREND(C47:D47,C$4:D$4,M$4) -> 981.11199 | N47: =TREND(D47:E47,D$4:E$4,N$4) -> 942.29838 | O47: =TREND(D47:E47,D$4:E$4,O$4) -> 908.02468 | P47: =TREND(E47:F47,E$4:F$4,P$4) -> 861.02803 | Q47: =TREND(E47:F47,E$4:F$4,Q$4) -> 819.43061 | R47: =TREND(F47:G47,F$4:G$4,R$4) -> 760.30597 | S47: =TREND(F47:G47,F$4:G$4,S$4) -> 705.54869 | T47: =TREND(G47:H47,G$4:H$4,T$4) -> 627.4464 | U47: =TREND(G47:H47,G$4:H$4,U$4) -> 553.3931 | V47: =TREND(H47:I47,H$4:I$4,V$4) -> 468.16912 | X47: =事故释放率!A24 -> C-14 | Y47: {=SUMPRODUCT(Y$5:Y$18,TRANSPOSE(事故释放率!$B24:$O24))} -> 0 | Z47: {=SUMPRODUCT(Z$5:Z$18,TRANSPOSE(事故释放率!$B24:$O24))} -> 0 | AA47: {=SUMPRODUCT(AA$5:AA$18,TRANSPOSE(事故释放率!$B24:$O24))} -> 0 | AB47: {=SUMPRODUCT(AB$5:AB$18,TRANSPOSE(事故释放率!$B24:$O24))} -> 0 | AC47: {=SUMPRODUCT(AC$5:AC$18,TRANSPOSE(事故释放率!$B24:$O24))} -> 0 | AD47: {=SUMPRODUCT(AD$5:AD$18,TRANSPOSE(事故释放率!$B24:$O24))} -> 0 | AE47: {=SUMPRODUCT(AE$5:AE$18,TRANSPOSE(事故释放率!$B24:$O24))} -> 0 | AG47: =MMULT(事故释放率!$B24:$O24,Y$5:Y$18) -> 0 | AH47: =MMULT(事故释放率!$B24:$O24,Z$5:Z$18) -> 0 | AI47: =MMULT(事故释放率!$B24:$O24,AA$5:AA$18) -> 0 | AJ47: =MMULT(事故释放率!$B24:$O24,AB$5:AB$18) -> 0 | AK47: =MMULT(事故释放率!$B24:$O24,AC$5:AC$18) -> 0 | AL47: =MMULT(事故释放率!$B24:$O24,AD$5:AD$18) -> 0
X48: =事故释放率!A25 -> Co-60 | Y48: {=SUMPRODUCT(Y$5:Y$18,TRANSPOSE(事故释放率!$B25:$O25))} -> 0 | Z48: {=SUMPRODUCT(Z$5:Z$18,TRANSPOSE(事故释放率!$B25:$O25))} -> 0 | AA48: {=SUMPRODUCT(AA$5:AA$18,TRANSPOSE(事故释放率!$B25:$O25))} -> 0 | AB48: {=SUMPRODUCT(AB$5:AB$18,TRANSPOSE(事故释放率!$B25:$O25))} -> 0 | AC48: {=SUMPRODUCT(AC$5:AC$18,TRANSPOSE(事故释放率!$B25:$O25))} -> 0 | AD48: {=SUMPRODUCT(AD$5:AD$18,TRANSPOSE(事故释放率!$B25:$O25))} -> 0 | AE48: {=SUMPRODUCT(AE$5:AE$18,TRANSPOSE(事故释放率!$B25:$O25))} -> 0 | AG48: =MMULT(事故释放率!$B25:$O25,Y$5:Y$18) -> 0 | AH48: =MMULT(事故释放率!$B25:$O25,Z$5:Z$18) -> 0 | AI48: =MMULT(事故释放率!$B25:$O25,AA$5:AA$18) -> 0 | AJ48: =MMULT(事故释放率!$B25:$O25,AB$5:AB$18) -> 0 | AK48: =MMULT(事故释放率!$B25:$O25,AC$5:AC$18) -> 0 | AL48: =MMULT(事故释放率!$B25:$O25,AD$5:AD$18) -> 0
A49: 8h | K49: 8h | X49: =事故释放率!A26 -> Ar-41 | Y49: {=SUMPRODUCT(Y$5:Y$18,TRANSPOSE(事故释放率!$B26:$O26))} -> 0 | Z49: {=SUMPRODUCT(Z$5:Z$18,TRANSPOSE(事故释放率!$B26:$O26))} -> 0 | AA49: {=SUMPRODUCT(AA$5:AA$18,TRANSPOSE(事故释放率!$B26:$O26))} -> 0 | AB49: {=SUMPRODUCT(AB$5:AB$18,TRANSPOSE(事故释放率!$B26:$O26))} -> 0 | AC49: {=SUMPRODUCT(AC$5:AC$18,TRANSPOSE(事故释放率!$B26:$O26))} -> 0 | AD49: {=SUMPRODUCT(AD$5:AD$18,TRANSPOSE(事故释放率!$B26:$O26))} -> 0 | AE49: {=SUMPRODUCT(AE$5:AE$18,TRANSPOSE(事故释放率!$B26:$O26))} -> 0 | AG49: =MMULT(事故释放率!$B26:$O26,Y$5:Y$18) -> 0 | AH49: =MMULT(事故释放率!$B26:$O26,Z$5:Z$18) -> 0 | AI49: =MMULT(事故释放率!$B26:$O26,AA$5:AA$18) -> 0 | AJ49: =MMULT(事故释放率!$B26:$O26,AB$5:AB$18) -> 0 | AK49: =MMULT(事故释放率!$B26:$O26,AC$5:AC$18) -> 0 | AL49: =MMULT(事故释放率!$B26:$O26,AD$5:AD$18) -> 0
A50: R/Z[cm] | B50: 17.68 | C50: 31.58 | D50: 54.25 | E50: 82.31 | F50: 106.26 | G50: 125.73 | H50: 142.56 | I50: 150.78 | K50: =A50 -> R/Z[cm] | L50: 0 | M50: =SQRT(L50*L50+150*150/10) -> 47.434165 | N50: =SQRT(M50*M50+150*150/10) -> 67.082039 | O50: =SQRT(N50*N50+150*150/10) -> 82.158384 | P50: =SQRT(O50*O50+150*150/10) -> 94.86833 | Q50: =SQRT(P50*P50+150*150/10) -> 106.06602 | R50: =SQRT(Q50*Q50+150*150/10) -> 116.1895 | S50: =SQRT(R50*R50+150*150/10) -> 125.499 | T50: =SQRT(S50*S50+150*150/10) -> 134.16408 | ... V50: =SQRT(U50*U50+150*150/10) -> 150
A51: 27.5 | B51: 523.23 | C51: 520.1 | D51: 509.97 | E51: 487.03 | F51: 454.43 | G51: 413.03 | H51: 359.29 | I51: 327.24 | K51: =A51 -> 27.5 | L51: =TREND(B51:C51,B$4:C$4,L$4) -> 527.21118 | M51: =TREND(C51:D51,C$4:D$4,M$4) -> 513.01563 | N51: =TREND(D51:E51,D$4:E$4,N$4) -> 499.47937 | O51: =TREND(D51:E51,D$4:E$4,O$4) -> 487.15395 | P51: =TREND(E51:F51,E$4:F$4,P$4) -> 469.93599 | Q51: =TREND(E51:F51,E$4:F$4,Q$4) -> 454.69404 | R51: =TREND(F51:G51,F$4:G$4,R$4) -> 433.31642 | S51: =TREND(F51:G51,F$4:G$4,S$4) -> 413.52118 | T51: =TREND(G51:H51,G$4:H$4,T$4) -> 386.09908 | U51: =TREND(G51:H51,G$4:H$4,U$4) -> 360.11224 | V51: =TREND(H51:I51,H$4:I$4,V$4) -> 330.28124 | X51: PM-FSAR数据 | AA51: 8h | AB51: 24h | AC51: 48h | AD51: 72h | AE51: 72h
A52: 82.5 | B52: 697.7 | C52: 691.91 | D52: 673.69 | E52: 633.51 | F52: 578.28 | G52: 510.75 | H52: 425.29 | I52: 375.44 | K52: =A52 -> 82.5 | L52: =TREND(B52:C52,B$4:C$4,L$4) -> 705.06455 | M52: =TREND(C52:D52,C$4:D$4,M$4) -> 679.16792 | N52: =TREND(D52:E52,D$4:E$4,N$4) -> 655.3154 | O52: =TREND(D52:E52,D$4:E$4,O$4) -> 633.7271 | P52: =TREND(E52:F52,E$4:F$4,P$4) -> 604.54981 | Q52: =TREND(E52:F52,E$4:F$4,Q$4) -> 578.72733 | R52: =TREND(F52:G52,F$4:G$4,R$4) -> 543.84039 | S52: =TREND(F52:G52,F$4:G$4,S$4) -> 511.55119 | T52: =TREND(G52:H52,G$4:H$4,T$4) -> 467.92312 | U52: =TREND(G52:H52,G$4:H$4,U$4) -> 426.59757 | V52: =TREND(H52:I52,H$4:I$4,V$4) -> 380.17029 | X52: Kr-83m | AA52: 1.5692423e-10 | AB52: 2.2243679e-10 | AC52: 2.632274e-10 | AD52: 1.7121965e-10 | AE52: 1.7121965e-10 | AG52: =X27 -> Kr-83m | AI52: =Z27/$Y27 -> 1.3762178 | AJ52: =AA27/$Y27 -> 3.0010057 | AK52: =AB27/$Y27 -> 5.1380614 | AL52: =AC27/$Y27 -> 12.082353
A53: 137.5 | B53: 830.14 | C53: 822.36 | D53: 797.99 | E53: 744.88 | F53: 673.51 | G53: 588.5 | H53: 483.1 | I53: 422.37 | K53: =A53 -> 137.5 | L53: =TREND(B53:C53,B$4:C$4,L$4) -> 840.03571 | M53: =TREND(C53:D53,C$4:D$4,M$4) -> 805.31695 | N53: =TREND(D53:E53,D$4:E$4,N$4) -> 773.70242 | O53: =TREND(D53:E53,D$4:E$4,O$4) -> 745.16697 | P53: =TREND(E53:F53,E$4:F$4,P$4) -> 707.4567 | Q53: =TREND(E53:F53,E$4:F$4,Q$4) -> 674.08806 | R53: =TREND(F53:G53,F$4:G$4,R$4) -> 630.15577 | S53: =TREND(F53:G53,F$4:G$4,S$4) -> 589.50858 | T53: =TREND(G53:H53,G$4:H$4,T$4) -> 535.68052 | U53: =TREND(G53:H53,G$4:H$4,U$4) -> 484.71266 | V53: =TREND(H53:I53,H$4:I$4,V$4) -> 428.1327 | X53: Kr85 | AA53: 5.6499306e-12 | AB53: 8.1358255e-12 | AC53: 9.4719491e-12 | AD53: 6.7951104e-12 | AE53: 6.7951104e-12 | AG53: =X28 -> Kr-85 | AI53: =Z28/$Y28 -> 2.9334884 | AJ53: =AA28/$Y28 -> 29.585565 | AK53: =AB28/$Y28 -> 50.931156 | AL53: =AC28/$Y28 -> 96.813196
A54: 192.5 | B54: 953.09 | C54: 943.69 | D54: 914.26 | E54: 850.35 | F54: 765.13 | G54: 665.09 | H54: 542.81 | I54: 472.59 | K54: =A54 -> 192.5 | L54: =TREND(B54:C54,B$4:C$4,L$4) -> 965.04626 | M54: =TREND(C54:D54,C$4:D$4,M$4) -> 923.10826 | N54: =TREND(D54:E54,D$4:E$4,N$4) -> 885.0335 | O54: =TREND(D54:E54,D$4:E$4,O$4) -> 850.69532 | P54: =TREND(E54:F54,E$4:F$4,P$4) -> 805.66437 | Q54: =TREND(E54:F54,E$4:F$4,Q$4) -> 765.82024 | R54: =TREND(F54:G54,F$4:G$4,R$4) -> 714.11063 | S54: =TREND(F54:G54,F$4:G$4,S$4) -> 666.27689 | T54: =TREND(G54:H54,G$4:H$4,T$4) -> 603.81138 | U54: =TREND(G54:H54,G$4:H$4,U$4) -> 544.68093 | V54: =TREND(H54:I54,H$4:I$4,V$4) -> 479.25321 | X54: Kr-85m | AA54: 1.0036857e-10 | AB54: 1.4230565e-10 | AC54: 1.6836143e-10 | AD54: 1.0953568e-10 | AE54: 1.0953568e-10 | AG54: =X29 -> Kr-85m | AI54: =Z29/$Y29 -> 1.3758891 | AJ54: =AA29/$Y29 -> 2.9943805 | AK54: =AB29/$Y29 -> 5.1064912 | AL54: =AC29/$Y29 -> 11.85275
A55: 241.5 | B55: 1055.53 | C55: 1045.03 | D55: 1012.15 | E55: 940.92 | F55: 846.19 | G55: 735.32 | H55: 600.33 | I55: 522.43 | K55: =A55 -> 241.5 | L55: =TREND(B55:C55,B$4:C$4,L$4) -> 1068.8854 | M55: =TREND(C55:D55,C$4:D$4,M$4) -> 1022.0355 | N55: =TREND(D55:E55,D$4:E$4,N$4) -> 979.57601 | O55: =TREND(D55:E55,D$4:E$4,O$4) -> 941.30488 | P55: =TREND(E55:F55,E$4:F$4,P$4) -> 891.24774 | Q55: =TREND(E55:F55,E$4:F$4,Q$4) -> 846.95726 | R55: =TREND(F55:G55,F$4:G$4,R$4) -> 789.64744 | S55: =TREND(F55:G55,F$4:G$4,S$4) -> 736.63538 | T55: =TREND(G55:H55,G$4:H$4,T$4) -> 667.67197 | U55: =TREND(G55:H55,G$4:H$4,U$4) -> 602.3954 | V55: =TREND(H55:I55,H$4:I$4,V$4) -> 529.82197 | X55: Kr-87 | AA55: 1.8880102e-10 | AB55: 2.6816091e-10 | AC55: 3.173417e-10 | AD55: 2.0635082e-10 | AE55: 2.0635082e-10 | AG55: =X30 -> Kr-87 | AI55: =Z30/$Y30 -> 1.3763146 | AJ55: =AA30/$Y30 -> 3.002956 | AK55: =AB30/$Y30 -> 5.1473549 | AL55: =AC30/$Y30 -> 12.149942
A56: 296.5 | B56: 1154.98 | C56: 1143.52 | D56: 1107.61 | E56: 1030.1 | F56: 927.94 | G56: 810.01 | H56: 670.93 | I56: 592.77 | K56: =A56 -> 296.5 | L56: =TREND(B56:C56,B$4:C$4,L$4) -> 1169.5565 | M56: =TREND(C56:D56,C$4:D$4,M$4) -> 1118.4065 | N56: =TREND(D56:E56,D$4:E$4,N$4) -> 1072.1641 | O56: =TREND(D56:E56,D$4:E$4,O$4) -> 1030.5188 | P56: =TREND(E56:F56,E$4:F$4,P$4) -> 976.53178 | Q56: =TREND(E56:F56,E$4:F$4,Q$4) -> 928.76744 | R56: =TREND(F56:G56,F$4:G$4,R$4) -> 867.79691 | S56: =TREND(F56:G56,F$4:G$4,S$4) -> 811.40915 | T56: =TREND(G56:H56,G$4:H$4,T$4) -> 740.31234 | U56: =TREND(G56:H56,G$4:H$4,U$4) -> 673.05798 | V56: =TREND(H56:I56,H$4:I$4,V$4) -> 600.18664 | X56: Kr-88 | AA56: 1.2660545e-10 | AB56: 1.7996356e-10 | AC56: 2.1286495e-10 | AD56: 1.3838935e-10 | AE56: 1.3838935e-10 | AG56: =X31 -> Kr-88 | AI56: =Z31/$Y31 -> 1.3760748 | AJ56: =AA31/$Y31 -> 2.9981234 | AK56: =AB31/$Y31 -> 5.1243269 | AL56: =AC31/$Y31 -> 11.982465
A57: 357.5 | B57: 1241.21 | C57: 1228.89 | D57: 1190.21 | E57: 1107.03 | F57: 998.11 | G57: 873.26 | H57: 726.93 | I57: 644.48 | K57: =A57 -> 357.5 | L57: =TREND(B57:C57,B$4:C$4,L$4) -> 1256.8803 | M57: =TREND(C57:D57,C$4:D$4,M$4) -> 1201.8393 | N57: =TREND(D57:E57,D$4:E$4,N$4) -> 1152.1712 | O57: =TREND(D57:E57,D$4:E$4,O$4) -> 1107.4794 | P57: =TREND(E57:F57,E$4:F$4,P$4) -> 1049.9171 | Q57: =TREND(E57:F57,E$4:F$4,Q$4) -> 998.9922 | R57: =TREND(F57:G57,F$4:G$4,R$4) -> 934.43778 | S57: =TREND(F57:G57,F$4:G$4,S$4) -> 874.74125 | T57: =TREND(G57:H57,G$4:H$4,T$4) -> 799.92912 | U57: =TREND(G57:H57,G$4:H$4,U$4) -> 729.1689 | V57: =TREND(H57:I57,H$4:I$4,V$4) -> 652.30372 | X57: Xe-131m | AA57: 1.2524307e-11 | AB57: 1.7761843e-11 | AC57: 2.1016924e-11 | AD57: 1.3663852e-11 | AE57: 1.3663852e-11 | AG57: =X32 -> Xe-131m | AI57: =Z32/$Y32 -> 1.3677109 | AJ57: =AA32/$Y32 -> 2.8631563 | AK57: =AB32/$Y32 -> 4.4954622 | AL57: =AC32/$Y32 -> 8.3477817
A58: 412.5 | B58: 1293.85 | C58: 1280.95 | D58: 1240.51 | E58: 1153.53 | F58: 1040.1 | G58: 911.27 | H58: 761.43 | I58: 677.06 | K58: =A58 -> 412.5 | L58: =TREND(B58:C58,B$4:C$4,L$4) -> 1310.2581 | M58: =TREND(C58:D58,C$4:D$4,M$4) -> 1252.6685 | N58: =TREND(D58:E58,D$4:E$4,N$4) -> 1200.7334 | O58: =TREND(D58:E58,D$4:E$4,O$4) -> 1154 | P58: =TREND(E58:F58,E$4:F$4,P$4) -> 1094.0523 | Q58: =TREND(E58:F58,E$4:F$4,Q$4) -> 1041.0187 | R58: =TREND(F58:G58,F$4:G$4,R$4) -> 974.39802 | S58: =TREND(F58:G58,F$4:G$4,S$4) -> 912.79847 | T58: =TREND(G58:H58,G$4:H$4,T$4) -> 836.18014 | U58: =TREND(G58:H58,G$4:H$4,U$4) -> 763.72261 | V58: =TREND(H58:I58,H$4:I$4,V$4) -> 685.06591 | X58: Xe-133 | AA58: 1.8919115e-11 | AB58: 2.6839777e-11 | AC58: 3.1753701e-11 | AD58: 2.0655122e-11 | AE58: 2.0655122e-11 | AG58: =X33 -> Xe-133 | AI58: =Z33/$Y33 -> 1.3701056 | AJ58: =AA33/$Y33 -> 2.9132651 | AK58: =AB33/$Y33 -> 4.7286394 | AL58: =AC33/$Y33 -> 9.3934005
A59: 467.5 | B59: 1323.73 | C59: 1310.48 | D59: 1268.96 | E59: 1179.53 | F59: 1063.3 | G59: 932.39 | H59: 781.5 | I59: 696.85 | K59: =A59 -> 467.5 | L59: =TREND(B59:C59,B$4:C$4,L$4) -> 1340.5832 | M59: =TREND(C59:D59,C$4:D$4,M$4) -> 1281.4432 | N59: =TREND(D59:E59,D$4:E$4,N$4) -> 1228.063 | O59: =TREND(D59:E59,D$4:E$4,O$4) -> 1180.0132 | P59: =TREND(E59:F59,E$4:F$4,P$4) -> 1118.5841 | Q59: =TREND(E59:F59,E$4:F$4,Q$4) -> 1064.2414 | R59: =TREND(F59:G59,F$4:G$4,R$4) -> 996.53724 | S59: =TREND(F59:G59,F$4:G$4,S$4) -> 933.94314 | T59: =TREND(G59:H59,G$4:H$4,T$4) -> 856.77395 | U59: =TREND(G59:H59,G$4:H$4,U$4) -> 783.80867 | V59: =TREND(H59:I59,H$4:I$4,V$4) -> 704.88248 | X59: Xe-133m | AA59: 3.7223466e-11 | AB59: 4.6338605e-11 | AC59: 5.3061875e-11 | AD59: 3.602152e-11 | AE59: 3.602152e-11 | AG59: =X34 -> Xe-133m | AI59: =Z34/$Y34 -> 1.3717731 | AJ59: =AA34/$Y34 -> 2.9481564 | AK59: =AB34/$Y34 -> 4.8952619 | AL59: =AC34/$Y34 -> 10.359506
A60: 522.5 | B60: 1333.07 | C60: 1319.51 | D60: 1277.06 | E60: 1185.63 | F60: 1066.99 | G60: 933.91 | H60: 782.09 | I60: 698.21 | K60: =A60 -> 522.5 | L60: =TREND(B60:C60,B$4:C$4,L$4) -> 1350.3175 | M60: =TREND(C60:D60,C$4:D$4,M$4) -> 1289.8228 | N60: =TREND(D60:E60,D$4:E$4,N$4) -> 1235.2484 | O60: =TREND(D60:E60,D$4:E$4,O$4) -> 1186.124 | P60: =TREND(E60:F60,E$4:F$4,P$4) -> 1123.4204 | Q60: =TREND(E60:F60,E$4:F$4,Q$4) -> 1067.9509 | R60: =TREND(F60:G60,F$4:G$4,R$4) -> 999.12056 | S60: =TREND(F60:G60,F$4:G$4,S$4) -> 935.48889 | T60: =TREND(G60:H60,G$4:H$4,T$4) -> 857.8279 | U60: =TREND(G60:H60,G$4:H$4,U$4) -> 784.4129 | V60: =TREND(H60:I60,H$4:I$4,V$4) -> 706.16942 | X60: Xe-135 | AA60: 7.043556e-11 | AB60: 1.0002261e-10 | AC60: 1.1834059e-10 | AD60: 7.6934159e-11 | AE60: 7.6934159e-11 | AG60: =X35 -> Xe-135 | AI60: =Z35/$Y35 -> 1.3735338 | AJ60: =AA35/$Y35 -> 2.9849998 | AK60: =AB35/$Y35 -> 5.071541 | AL60: =AC35/$Y35 -> 11.596809
A61: 577.5 | B61: 1326.42 | C61: 1312.6 | D61: 1269.31 | E61: 1175.94 | F61: 1053.95 | G61: 914.86 | H61: 749.83 | I61: 654.93 | K61: =A61 -> 577.5 | L61: =TREND(B61:C61,B$4:C$4,L$4) -> 1343.9982 | M61: =TREND(C61:D61,C$4:D$4,M$4) -> 1282.3253 | N61: =TREND(D61:E61,D$4:E$4,N$4) -> 1226.6112 | O61: =TREND(D61:E61,D$4:E$4,O$4) -> 1176.4445 | P61: =TREND(E61:F61,E$4:F$4,P$4) -> 1111.9738 | Q61: =TREND(E61:F61,E$4:F$4,Q$4) -> 1054.9381 | R61: =TREND(F61:G61,F$4:G$4,R$4) -> 983.01553 | S61: =TREND(F61:G61,F$4:G$4,S$4) -> 916.51019 | T61: =TREND(G61:H61,G$4:H$4,T$4) -> 832.15792 | U61: =TREND(G61:H61,G$4:H$4,U$4) -> 752.35502 | V61: =TREND(H61:I61,H$4:I$4,V$4) -> 663.93511 | X61: I-131 | AA61: 1.358779e-11 | AB61: 2.0652081e-11 | AC61: 2.4801381e-11 | AD61: 1.5812873e-11 | AE61: 1.5812873e-11 | AG61: =X36 -> I-131 | AI61: =Z36/$Y36 -> 2.1781433 | AJ61: =AA36/$Y36 -> 8.2743832 | AK61: =AB36/$Y36 -> 14.784672 | AL61: =AC36/$Y36 -> 30.639969
A62: 632.5 | B62: 1310.24 | C62: 1296.5 | D62: 1253.41 | E62: 1160.49 | F62: 1039.07 | G62: 900.72 | H62: 738 | I62: 645.92 | K62: =A62 -> 632.5 | L62: =TREND(B62:C62,B$4:C$4,L$4) -> 1327.7165 | M62: =TREND(C62:D62,C$4:D$4,M$4) -> 1266.3652 | N62: =TREND(D62:E62,D$4:E$4,N$4) -> 1210.917 | O62: =TREND(D62:E62,D$4:E$4,O$4) -> 1160.9921 | P62: =TREND(E62:F62,E$4:F$4,P$4) -> 1096.8227 | Q62: =TREND(E62:F62,E$4:F$4,Q$4) -> 1040.0534 | R62: =TREND(F62:G62,F$4:G$4,R$4) -> 968.51292 | S62: =TREND(F62:G62,F$4:G$4,S$4) -> 902.36141 | T62: =TREND(G62:H62,G$4:H$4,T$4) -> 819.17554 | U62: =TREND(G62:H62,G$4:H$4,U$4) -> 740.48968 | V62: =TREND(H62:I62,H$4:I$4,V$4) -> 654.65752 | X62: I-132 | AA62: 1.2417543e-10 | AB62: 1.8906447e-10 | AC62: 2.2703794e-10 | AD62: 1.4467909e-10 | AE62: 1.4467909e-10 | AG62: =X37 -> I-132 | AI62: =Z37/$Y37 -> 2.1889487 | AJ62: =AA37/$Y37 -> 8.7120473 | AK62: =AB37/$Y37 -> 16.776048 | AL62: =AC37/$Y37 -> 42.610879
A63: 687.5 | B63: 1287.4 | C63: 1273.96 | D63: 1231.66 | E63: 1140.55 | F63: 1021.53 | G63: 885.93 | H63: 727 | I63: 637.43 | K63: =A63 -> 687.5 | L63: =TREND(B63:C63,B$4:C$4,L$4) -> 1304.4949 | M63: =TREND(C63:D63,C$4:D$4,M$4) -> 1244.3777 | N63: =TREND(D63:E63,D$4:E$4,N$4) -> 1189.9947 | O63: =TREND(D63:E63,D$4:E$4,O$4) -> 1141.0423 | P63: =TREND(E63:F63,E$4:F$4,P$4) -> 1078.1411 | Q63: =TREND(E63:F63,E$4:F$4,Q$4) -> 1022.494 | R63: =TREND(F63:G63,F$4:G$4,R$4) -> 952.37539 | S63: =TREND(F63:G63,F$4:G$4,S$4) -> 887.53879 | T63: =TREND(G63:H63,G$4:H$4,T$4) -> 806.28484 | U63: =TREND(G63:H63,G$4:H$4,U$4) -> 729.43169 | V63: =TREND(H63:I63,H$4:I$4,V$4) -> 645.92934 | X63: I-133 | AA63: 4.1350285e-11 | AB63: 6.2897099e-11 | AC63: 7.5532676e-11 | AD63: 4.8138973e-11 | AE63: 4.8138973e-11 | AG63: =X38 -> I-133 | AI63: =Z38/$Y38 -> 2.1862988 | AJ63: =AA38/$Y38 -> 8.6047131 | AK63: =AB38/$Y38 -> 16.286008 | AL63: =AC38/$Y38 -> 39.15986
... A70: 1072.5 | B70: 901.58 | C70: 883.09 | D70: 845.18 | E70: 780.07 | F70: 703.13 | G70: 620.91 | H70: 530.31 | I70: 480.95 | K70: =A70 -> 1072.5 | L70: =TREND(B70:C70,B$4:C$4,L$4) -> 925.09822 | M70: =TREND(C70:D70,C$4:D$4,M$4) -> 856.57781 | N70: =TREND(D70:E70,D$4:E$4,N$4) -> 815.40473 | O70: =TREND(D70:E70,D$4:E$4,O$4) -> 780.42181 | P70: =TREND(E70:F70,E$4:F$4,P$4) -> 739.72604 | Q70: =TREND(E70:F70,E$4:F$4,Q$4) -> 703.75317 | R70: =TREND(F70:G70,F$4:G$4,R$4) -> 661.19864 | S70: =TREND(F70:G70,F$4:G$4,S$4) -> 621.88547 | T70: =TREND(G70:H70,G$4:H$4,T$4) -> 575.50729 | U70: =TREND(G70:H70,G$4:H$4,U$4) -> 531.69621 | V70: =TREND(H70:I70,H$4:I$4,V$4) -> 485.6338 | X70: Ag-110m | AA70: 6.0254293e-10 | AB70: 7.9048929e-10 | AC70: 9.1000856e-10 | AD70: 7.2706106e-10 | AE70: 7.2706106e-10 | AG70: =X45 -> Ag-110m | AI70: =Z45/$Y45 -> 205.29833 | AJ70: =AA45/$Y45 -> 256.88385 | AK70: =AB45/$Y45 -> 761.30522 | AL70: =AC45/$Y45 -> 21777.38
A72: 24h | K72: 24h
A73: R/Z[cm] | B73: 17.68 | C73: 31.58 | D73: 54.25 | E73: 82.31 | F73: 106.26 | G73: 125.73 | H73: 142.56 | I73: 150.78 | K73: =A73 -> R/Z[cm] | L73: 0 | M73: =SQRT(L73*L73+150*150/10) -> 47.434165 | N73: =SQRT(M73*M73+150*150/10) -> 67.082039 | O73: =SQRT(N73*N73+150*150/10) -> 82.158384 | P73: =SQRT(O73*O73+150*150/10) -> 94.86833 | Q73: =SQRT(P73*P73+150*150/10) -> 106.06602 | R73: =SQRT(Q73*Q73+150*150/10) -> 116.1895 | S73: =SQRT(R73*R73+150*150/10) -> 125.499 | T73: =SQRT(S73*S73+150*150/10) -> 134.16408 | ... V73: =SQRT(U73*U73+150*150/10) -> 150 | X73: 倍数New/FSAR | AA73: 8h | AB73: 24h | AC73: 48h | AD73: 72h | AE73: 96h
A74: 27.5 | B74: 583.77 | C74: 579.2 | D74: 564.72 | E74: 533.1 | F74: 490.49 | G74: 439.92 | H74: 378.47 | I74: 343.33 | K74: =A74 -> 27.5 | L74: =TREND(B74:C74,B$4:C$4,L$4) -> 589.58278 | M74: =TREND(C74:D74,C$4:D$4,M$4) -> 569.07348 | N74: =TREND(D74:E74,D$4:E$4,N$4) -> 550.25995 | O74: =TREND(D74:E74,D$4:E$4,O$4) -> 533.27085 | P74: =TREND(E74:F74,E$4:F$4,P$4) -> 510.75718 | Q74: =TREND(E74:F74,E$4:F$4,Q$4) -> 490.83512 | R74: =TREND(F74:G74,F$4:G$4,R$4) -> 464.69982 | S74: =TREND(F74:G74,F$4:G$4,S$4) -> 440.51997 | T74: =TREND(G74:H74,G$4:H$4,T$4) -> 409.12534 | U74: =TREND(G74:H74,G$4:H$4,U$4) -> 379.41021 | V74: =TREND(H74:I74,H$4:I$4,V$4) -> 346.66445 | X74: Kr-83m | AA74: =AA27/AA52 -> 1.0964429 | AB74: =AB27/AB52 -> 1.3243472 | AC74: =AC27/AC52 -> 2.6316589 | AD74: =AD27/AD52 -> 2.4590251 | AE74: =AE27/AE52 -> 1.800908
A75: 82.5 | B75: 792.4 | C75: 784.33 | D75: 759.44 | E75: 706.32 | F75: 636.58 | G75: 555.84 | H75: 458.74 | I75: 403.75 | K75: =A75 -> 82.5 | L75: =TREND(B75:C75,B$4:C$4,L$4) -> 802.66458 | M75: =TREND(C75:D75,C$4:D$4,M$4) -> 766.92329 | N75: =TREND(D75:E75,D$4:E$4,N$4) -> 735.14784 | O75: =TREND(D75:E75,D$4:E$4,O$4) -> 706.60702 | P75: =TREND(E75:F75,E$4:F$4,P$4) -> 669.7514 | Q75: =TREND(E75:F75,E$4:F$4,Q$4) -> 637.14486 | R75: =TREND(F75:G75,F$4:G$4,R$4) -> 595.40343 | S75: =TREND(F75:G75,F$4:G$4,S$4) -> 556.79792 | T75: =TREND(G75:H75,G$4:H$4,T$4) -> 507.17993 | U75: =TREND(G75:H75,G$4:H$4,U$4) -> 460.22567 | V75: =TREND(H75:I75,H$4:I$4,V$4) -> 408.96803 | X75: Kr85 | AA75: =AA28/AA53 -> 1.0721663 | AB75: =AB28/AB53 -> 1.2817617 | AC75: =AC28/AC53 -> 2.0927656 | AD75: =AD28/AD53 -> 2.2312123 | AE75: =AE28/AE53 -> 1.6644038
A76: 137.5 | B76: 937.96 | C76: 927.62 | D76: 895.84 | E76: 828.6 | F76: 741.67 | G76: 642.96 | H76: 526.33 | I76: 460.86 | K76: =A76 -> 137.5 | L76: =TREND(B76:C76,B$4:C$4,L$4) -> 951.11188 | M76: =TREND(C76:D76,C$4:D$4,M$4) -> 905.3948 | N76: =TREND(D76:E76,D$4:E$4,N$4) -> 865.09067 | O76: =TREND(D76:E76,D$4:E$4,O$4) -> 828.96332 | P76: =TREND(E76:F76,E$4:F$4,P$4) -> 783.01772 | Q76: =TREND(E76:F76,E$4:F$4,Q$4) -> 742.37409 | R76: =TREND(F76:G76,F$4:G$4,R$4) -> 691.32891 | S76: =TREND(F76:G76,F$4:G$4,S$4) -> 644.13112 | T76: =TREND(G76:H76,G$4:H$4,T$4) -> 584.51279 | U76: =TREND(G76:H76,G$4:H$4,U$4) -> 528.11448 | V76: =TREND(H76:I76,H$4:I$4,V$4) -> 467.07248 | X76: Kr-85m | AA76: =AA29/AA54 -> 1.0988249 | AB76: =AB29/AB54 -> 1.3216597 | AC76: =AC29/AC54 -> 2.5929595 | AD76: =AD29/AD54 -> 2.4503388 | AE76: =AE29/AE54 -> 1.7976042
A77: 192.5 | B77: 1067.11 | C77: 1054.94 | D77: 1017.72 | E77: 939.5 | F77: 839.04 | G77: 725.91 | H77: 593.9 | I77: 520.04 | K77: =A77 -> 192.5 | L77: =TREND(B77:C77,B$4:C$4,L$4) -> 1082.5895 | M77: =TREND(C77:D77,C$4:D$4,M$4) -> 1028.9104 | N77: =TREND(D77:E77,D$4:E$4,N$4) -> 981.94943 | O77: =TREND(D77:E77,D$4:E$4,O$4) -> 939.92265 | P77: =TREND(E77:F77,E$4:F$4,P$4) -> 886.82318 | Q77: =TREND(E77:F77,E$4:F$4,Q$4) -> 839.85367 | R77: =TREND(F77:G77,F$4:G$4,R$4) -> 781.34486 | S77: =TREND(F77:G77,F$4:G$4,S$4) -> 727.2522 | T77: =TREND(G77:H77,G$4:H$4,T$4) -> 659.75535 | U77: =TREND(G77:H77,G$4:H$4,U$4) -> 595.9198 | V77: =TREND(H77:I77,H$4:I$4,V$4) -> 527.04861 | X77: Kr-87 | AA77: =AA30/AA55 -> 1.0894328 | AB77: =AB30/AB55 -> 1.3147539 | AC77: =AC30/AC55 -> 2.6224239 | AD77: =AD30/AD55 -> 2.4430748 | AE77: =AE30/AE55 -> 1.788338
A78: 241.5 | B78: 1172.3 | C78: 1158.82 | D78: 1117.71 | E78: 1032.01 | F78: 922.91 | G78: 800.42 | H78: 657.7 | I78: 577.23 | K78: =A78 -> 241.5 | L78: =TREND(B78:C78,B$4:C$4,L$4) -> 1189.4458 | M78: =TREND(C78:D78,C$4:D$4,M$4) -> 1130.0699 | N78: =TREND(D78:E78,D$4:E$4,N$4) -> 1078.5188 | O78: =TREND(D78:E78,D$4:E$4,O$4) -> 1032.4731 | P78: =TREND(E78:F78,E$4:F$4,P$4) -> 974.80274 | Q78: =TREND(E78:F78,E$4:F$4,Q$4) -> 923.79365 | R78: =TREND(F78:G78,F$4:G$4,R$4) -> 860.44136 | S78: =TREND(F78:G78,F$4:G$4,S$4) -> 801.87325 | T78: =TREND(G78:H78,G$4:H$4,T$4) -> 728.89821 | U78: =TREND(G78:H78,G$4:H$4,U$4) -> 659.88367 | V78: =TREND(H78:I78,H$4:I$4,V$4) -> 584.86584 | X78: Kr-88 | AA78: =AA31/AA56 -> 1.0933658 | AB78: =AB31/AB56 -> 1.3146817 | AC78: =AC31/AC56 -> 2.5990244 | AD78: =AD31/AD56 -> 2.4418617 | AE78: =AE31/AE56 -> 1.789658
A79: 296.5 | B79: 1272.24 | C79: 1257.82 | D79: 1213.62 | E79: 1121.65 | F79: 1005.92 | G79: 878.46 | H79: 734.38 | I79: 655.01 | K79: =A79 -> 296.5 | L79: =TREND(B79:C79,B$4:C$4,L$4) -> 1290.5814 | M79: =TREND(C79:D79,C$4:D$4,M$4) -> 1226.9089 | N79: =TREND(D79:E79,D$4:E$4,N$4) -> 1171.5615 | O79: =TREND(D79:E79,D$4:E$4,O$4) -> 1122.1469 | P79: =TREND(E79:F79,E$4:F$4,P$4) -> 1060.9663 | Q79: =TREND(E79:F79,E$4:F$4,Q$4) -> 1006.8574 | R79: =TREND(F79:G79,F$4:G$4,R$4) -> 940.91671 | S79: =TREND(F79:G79,F$4:G$4,S$4) -> 879.97221 | T79: =TREND(G79:H79,G$4:H$4,T$4) -> 806.25667 | U79: =TREND(G79:H79,G$4:H$4,U$4) -> 736.58448 | V79: =TREND(H79:I79,H$4:I$4,V$4) -> 662.54146 | X79: Xe-131m | AA79: =AA32/AA57 -> 1.0421213 | AB79: =AB32/AB57 -> 1.1537541 | AC79: =AC32/AC57 -> 1.8106264 | AD79: =AD32/AD57 -> 2.0683179 | AE79: =AE32/AE57 -> 1.5757026
A80: 357.5 | B80: 1355.85 | C80: 1340.68 | D80: 1294.27 | E80: 1197.2 | F80: 1075.25 | G80: 942.31 | H80: 793.19 | I80: 710.58 | K80: =A80 -> 357.5 | L80: =TREND(B80:C80,B$4:C$4,L$4) -> 1375.1454 | M80: =TREND(C80:D80,C$4:D$4,M$4) -> 1308.2234 | N80: =TREND(D80:E80,D$4:E$4,N$4) -> 1249.8792 | O80: =TREND(D80:E80,D$4:E$4,O$4) -> 1197.7245 | P80: =TREND(E80:F80,E$4:F$4,P$4) -> 1133.2548 | Q80: =TREND(E80:F80,E$4:F$4,Q$4) -> 1076.2377 | R80: =TREND(F80:G80,F$4:G$4,R$4) -> 1007.452 | S80: =TREND(F80:G80,F$4:G$4,S$4) -> 943.88723 | T80: =TREND(G80:H80,G$4:H$4,T$4) -> 867.58096 | U80: =TREND(G80:H80,G$4:H$4,U$4) -> 795.47159 | V80: =TREND(H80:I80,H$4:I$4,V$4) -> 718.41891 | X80: Xe-133 | AA80: =AA33/AA58 -> 1.0611835 | AB80: =AB33/AB58 -> 1.2141394 | AC80: =AC33/AC58 -> 2.0386364 | AD80: =AD33/AD58 -> 2.206889 | AE80: =AE33/AE58 -> 1.6551134
A81: 412.5 | B81: 1402.81 | C81: 1387.17 | D81: 1339.4 | E81: 1239.58 | F81: 1114.13 | G81: 978.16 | H81: 827.1 | I81: 743.45 | K81: =A81 -> 412.5 | L81: =TREND(B81:C81,B$4:C$4,L$4) -> 1422.7032 | M81: =TREND(C81:D81,C$4:D$4,M$4) -> 1353.7623 | N81: =TREND(D81:E81,D$4:E$4,N$4) -> 1293.7516 | O81: =TREND(D81:E81,D$4:E$4,O$4) -> 1240.1194 | P81: =TREND(E81:F81,E$4:F$4,P$4) -> 1173.7995 | Q81: =TREND(E81:F81,E$4:F$4,Q$4) -> 1115.1461 | R81: =TREND(F81:G81,F$4:G$4,R$4) -> 1044.7867 | S81: =TREND(F81:G81,F$4:G$4,S$4) -> 979.77318 | T81: =TREND(G81:H81,G$4:H$4,T$4) -> 902.45876 | U81: =TREND(G81:H81,G$4:H$4,U$4) -> 829.41127 | V81: =TREND(H81:I81,H$4:I$4,V$4) -> 751.38759 | X81: Xe-133m | AA81: =AA34/AA59 -> 0.84791344 | AB81: =AB34/AB59 -> 1.1309692 | AC81: =AC34/AC59 -> 2.0901346 | AD81: =AD34/AD59 -> 2.0542547 | AE81: =AE34/AE59 -> 1.5248023
A82: 467.5 | B82: 1424.46 | C82: 1408.56 | D82: 1360.01 | E82: 1258.76 | F82: 1131.65 | G82: 994.57 | H82: 843.69 | I82: 760.49 | K82: =A82 -> 467.5 | L82: =TREND(B82:C82,B$4:C$4,L$4) -> 1444.6839 | M82: =TREND(C82:D82,C$4:D$4,M$4) -> 1374.6068 | N82: =TREND(D82:E82,D$4:E$4,N$4) -> 1313.7076 | O82: =TREND(D82:E82,D$4:E$4,O$4) -> 1259.3071 | P82: =TREND(E82:F82,E$4:F$4,P$4) -> 1192.1091 | Q82: =TREND(E82:F82,E$4:F$4,Q$4) -> 1132.6795 | R82: =TREND(F82:G82,F$4:G$4,R$4) -> 1061.7406 | S82: =TREND(F82:G82,F$4:G$4,S$4) -> 996.19634 | T82: =TREND(G82:H82,G$4:H$4,T$4) -> 918.95896 | U82: =TREND(G82:H82,G$4:H$4,U$4) -> 845.99852 | V82: =TREND(H82:I82,H$4:I$4,V$4) -> 768.38489 | X82: Xe-135 | AA82: =AA35/AA60 -> 1.0906418 | AB82: =AB35/AB60 -> 1.3048829 | AC82: =AC35/AC60 -> 2.521939 | AD82: =AD35/AD60 -> 2.4173927 | AE82: =AE35/AE60 -> 1.7762782
A83: 522.5 | B83: 1423.32 | C83: 1407.2 | D83: 1358.04 | E83: 1255.56 | F83: 1127.11 | G83: 988.99 | H83: 838.31 | I83: 756.48 | K83: =A83 -> 522.5 | L83: =TREND(B83:C83,B$4:C$4,L$4) -> 1443.8237 | M83: =TREND(C83:D83,C$4:D$4,M$4) -> 1372.8202 | N83: =TREND(D83:E83,D$4:E$4,N$4) -> 1311.1752 | O83: =TREND(D83:E83,D$4:E$4,O$4) -> 1256.1137 | P83: =TREND(E83:F83,E$4:F$4,P$4) -> 1188.2065 | Q83: =TREND(E83:F83,E$4:F$4,Q$4) -> 1128.1504 | R83: =TREND(F83:G83,F$4:G$4,R$4) -> 1056.6702 | S83: =TREND(F83:G83,F$4:G$4,S$4) -> 990.62868 | T83: =TREND(G83:H83,G$4:H$4,T$4) -> 913.47919 | U83: =TREND(G83:H83,G$4:H$4,U$4) -> 840.61546 | V83: =TREND(H83:I83,H$4:I$4,V$4) -> 764.24489 | X83: I-131 | AA83: =AA36/AA61 -> 0.92365784 | AB83: =AB36/AB61 -> 1.0858559 | AC83: =AC36/AC61 -> 1.8738584 | AD83: =AD36/AD61 -> 2.0726171 | AE83: =AE36/AE61 -> 1.5110753
A84: 577.5 | B84: 1404.96 | C84: 1388.67 | D84: 1339.01 | E84: 1235.21 | F84: 1104.43 | G84: 961.6 | H84: 799.11 | I84: 707.14 | K84: =A84 -> 577.5 | L84: =TREND(B84:C84,B$4:C$4,L$4) -> 1425.6799 | M84: =TREND(C84:D84,C$4:D$4,M$4) -> 1353.9405 | N84: =TREND(D84:E84,D$4:E$4,N$4) -> 1291.5415 | O84: =TREND(D84:E84,D$4:E$4,O$4) -> 1235.7709 | P84: =TREND(E84:F84,E$4:F$4,P$4) -> 1166.6347 | Q84: =TREND(E84:F84,E$4:F$4,Q$4) -> 1105.4893 | R84: =TREND(F84:G84,F$4:G$4,R$4) -> 1031.5882 | S84: =TREND(F84:G84,F$4:G$4,S$4) -> 963.29456 | T84: =TREND(G84:H84,G$4:H$4,T$4) -> 880.1708 | U84: =TREND(G84:H84,G$4:H$4,U$4) -> 801.59616 | V84: =TREND(H84:I84,H$4:I$4,V$4) -> 715.86708 | X84: I-132 | AA84: =AA37/AA62 -> 0.94972075 | AB84: =AB37/AB62 -> 1.201133 | AC84: =AC37/AC62 -> 2.5405832 | AD84: =AD37/AD62 -> 2.3524378 | AE84: =AE37/AE62 -> 1.6641431
A85: 632.5 | B85: 1376.96 | C85: 1360.86 | D85: 1311.76 | E85: 1209.08 | F85: 1079.98 | G85: 939.21 | H85: 780.23 | I85: 691.71 | K85: =A85 -> 632.5 | L85: =TREND(B85:C85,B$4:C$4,L$4) -> 1397.4383 | M85: =TREND(C85:D85,C$4:D$4,M$4) -> 1326.5221 | N85: =TREND(D85:E85,D$4:E$4,N$4) -> 1264.8037 | O85: =TREND(D85:E85,D$4:E$4,O$4) -> 1209.6348 | P85: =TREND(E85:F85,E$4:F$4,P$4) -> 1141.3856 | Q85: =TREND(E85:F85,E$4:F$4,Q$4) -> 1081.0256 | R85: =TREND(F85:G85,F$4:G$4,R$4) -> 1008.1887 | S85: =TREND(F85:G85,F$4:G$4,S$4) -> 940.88012 | T85: =TREND(G85:H85,G$4:H$4,T$4) -> 859.53978 | U85: =TREND(G85:H85,G$4:H$4,U$4) -> 782.66245 | V85: =TREND(H85:I85,H$4:I$4,V$4) -> 700.10971 | X85: I-133 | AA85: =AA38/AA63 -> 0.96166085 | AB85: =AB38/AB63 -> 1.1965975 | AC85: =AC38/AC63 -> 2.395909 | AD85: =AD38/AD63 -> 2.3301308 | AE85: =AE38/AE63 -> 1.659445
... A92: 1017.5 | B92: 1016.6 | C92: 1003.27 | D92: 964.8 | E92: 888.83 | F92: 795.57 | G92: 694.72 | H92: 582.23 | I92: 520.85 | K92: =A92 -> 1017.5 | L92: =TREND(B92:C92,B$4:C$4,L$4) -> 1033.555 | M92: =TREND(C92:D92,C$4:D$4,M$4) -> 976.36617 | N92: =TREND(D92:E92,D$4:E$4,N$4) -> 930.05837 | O92: =TREND(D92:E92,D$4:E$4,O$4) -> 889.24049 | P92: =TREND(E92:F92,E$4:F$4,P$4) -> 839.92855 | Q92: =TREND(E92:F92,E$4:F$4,Q$4) -> 796.32536 | R92: =TREND(F92:G92,F$4:G$4,R$4) -> 744.13753 | S92: =TREND(F92:G92,F$4:G$4,S$4) -> 695.9165 | T92: =TREND(G92:H92,G$4:H$4,T$4) -> 638.34748 | U92: =TREND(G92:H92,G$4:H$4,U$4) -> 583.95114 | V92: =TREND(H92:I92,H$4:I$4,V$4) -> 526.67438 | X92: Ag-110m | AA92: =AA45/AA70 -> 0.80107944 | AB92: =AB45/AB70 -> 1.8096292 | AC92: =AC45/AC70 -> 44.966278 | AD92: =AD45/AD70 -> 64.956409 | AE92: =AE45/AE70 -> 49.009183
A93: 1072.5 | B93: 827.28 | C93: 810.76 | D93: 778.16 | E93: 724.23 | F93: 661.48 | G93: 595.21 | H93: 523.97 | I93: 485.73 | K93: =A93 -> 1072.5 | L93: =TREND(B93:C93,B$4:C$4,L$4) -> 848.29249 | M93: =TREND(C93:D93,C$4:D$4,M$4) -> 787.96133 | N93: =TREND(D93:E93,D$4:E$4,N$4) -> 753.49742 | O93: =TREND(D93:E93,D$4:E$4,O$4) -> 724.5214 | P93: =TREND(E93:F93,E$4:F$4,P$4) -> 691.32665 | Q93: =TREND(E93:F93,E$4:F$4,Q$4) -> 661.98824 | R93: =TREND(F93:G93,F$4:G$4,R$4) -> 627.68298 | S93: =TREND(F93:G93,F$4:G$4,S$4) -> 595.99624 | T93: =TREND(G93:H93,G$4:H$4,T$4) -> 559.50924 | U93: =TREND(G93:H93,G$4:H$4,U$4) -> 525.06 | V93: =TREND(H93:I93,H$4:I$4,V$4) -> 489.35861
A95: 48h | K95: 48h
A96: R/Z[cm] | B96: 17.68 | C96: 31.58 | D96: 54.25 | E96: 82.31 | F96: 106.26 | G96: 125.73 | H96: 142.56 | I96: 150.78 | K96: =A96 -> R/Z[cm] | L96: 0 | M96: =SQRT(L96*L96+150*150/10) -> 47.434165 | N96: =SQRT(M96*M96+150*150/10) -> 67.082039 | O96: =SQRT(N96*N96+150*150/10) -> 82.158384 | P96: =SQRT(O96*O96+150*150/10) -> 94.86833 | Q96: =SQRT(P96*P96+150*150/10) -> 106.06602 | R96: =SQRT(Q96*Q96+150*150/10) -> 116.1895 | S96: =SQRT(R96*R96+150*150/10) -> 125.499 | T96: =SQRT(S96*S96+150*150/10) -> 134.16408 | ... V96: =SQRT(U96*U96+150*150/10) -> 150 | X96: 氦气排放
A97: 27.5 | B97: 694.98 | C97: 688.63 | D97: 669.65 | E97: 630.98 | F97: 583 | G97: 531.17 | H97: 474.19 | I97: 443.37 | K97: =A97 -> 27.5 | L97: =TREND(B97:C97,B$4:C$4,L$4) -> 703.05683 | M97: =TREND(C97:D97,C$4:D$4,M$4) -> 675.35642 | N97: =TREND(D97:E97,D$4:E$4,N$4) -> 651.96593 | O97: =TREND(D97:E97,D$4:E$4,O$4) -> 631.18895 | P97: =TREND(E97:F97,E$4:F$4,P$4) -> 605.82139 | Q97: =TREND(E97:F97,E$4:F$4,Q$4) -> 583.38861 | R97: =TREND(F97:G97,F$4:G$4,R$4) -> 556.56723 | S97: =TREND(F97:G97,F$4:G$4,S$4) -> 531.78492 | T97: =TREND(G97:H97,G$4:H$4,T$4) -> 502.61541 | U97: =TREND(G97:H97,G$4:H$4,U$4) -> 475.06182 | V97: =TREND(H97:I97,H$4:I$4,V$4) -> 446.29453 | X97: H | Y97: MOL
A98: 82.5 | B98: 955.22 | C98: 944.7 | D98: 913.53 | E98: 850.33 | F98: 772.2 | G98: 688.12 | H98: 595.48 | I98: 544.95 | K98: =A98 -> 82.5 | L98: =TREND(B98:C98,B$4:C$4,L$4) -> 968.60083 | M98: =TREND(C98:D98,C$4:D$4,M$4) -> 922.9014 | N98: =TREND(D98:E98,D$4:E$4,N$4) -> 884.62819 | O98: =TREND(D98:E98,D$4:E$4,O$4) -> 850.67149 | P98: =TREND(E98:F98,E$4:F$4,P$4) -> 809.36205 | Q98: =TREND(E98:F98,E$4:F$4,Q$4) -> 772.83281 | R98: =TREND(F98:G98,F$4:G$4,R$4) -> 729.32006 | S98: =TREND(F98:G98,F$4:G$4,S$4) -> 689.11754 | T98: =TREND(G98:H98,G$4:H$4,T$4) -> 641.69498 | U98: =TREND(G98:H98,G$4:H$4,U$4) -> 596.89743 | V98: =TREND(H98:I98,H$4:I$4,V$4) -> 549.74482 | X98: 0.005 | Y98: 68148 | Z98: =X98*60 -> 0.3 | AA98: =Y98/752034 -> 0.090618243
A99: 137.5 | B99: 1113.19 | C99: 1100.69 | D99: 1063.6 | E99: 988.82 | F99: 897.27 | G99: 799.56 | H99: 693.57 | I99: 636.24 | K99: =A99 -> 137.5 | L99: =TREND(B99:C99,B$4:C$4,L$4) -> 1129.0893 | M99: =TREND(C99:D99,C$4:D$4,M$4) -> 1074.7513 | N99: =TREND(D99:E99,D$4:E$4,N$4) -> 1029.4026 | O99: =TREND(D99:E99,D$4:E$4,O$4) -> 989.22406 | P99: =TREND(E99:F99,E$4:F$4,P$4) -> 940.81519 | Q99: =TREND(E99:F99,E$4:F$4,Q$4) -> 898.01151 | R99: =TREND(F99:G99,F$4:G$4,R$4) -> 847.4389 | S99: =TREND(F99:G99,F$4:G$4,S$4) -> 800.71925 | T99: =TREND(G99:H99,G$4:H$4,T$4) -> 746.44485 | U99: =TREND(G99:H99,G$4:H$4,U$4) -> 695.19169 | V99: =TREND(H99:I99,H$4:I$4,V$4) -> 641.68007 | X99: 0.01 | Y99: 129800 | Z99: =X99*60 -> 0.6 | AA99: =Y99/752034 -> 0.17259858
A100: 192.5 | B100: 1236.61 | C100: 1222.95 | D100: 1182.16 | E100: 1100 | F100: 1000.41 | G100: 895.37 | H100: 782.41 | I100: 721.17 | K100: =A100 -> 192.5 | L100: =TREND(B100:C100,B$4:C$4,L$4) -> 1253.9847 | M100: =TREND(C100:D100,C$4:D$4,M$4) -> 1194.4237 | N100: =TREND(D100:E100,D$4:E$4,N$4) -> 1144.5876 | O100: =TREND(D100:E100,D$4:E$4,O$4) -> 1100.4439 | P100: =TREND(E100:F100,E$4:F$4,P$4) -> 1047.7794 | Q100: =TREND(E100:F100,E$4:F$4,Q$4) -> 1001.2166 | R100: =TREND(F100:G100,F$4:G$4,R$4) -> 946.84068 | S100: =TREND(F100:G100,F$4:G$4,S$4) -> 896.61622 | T100: =TREND(G100:H100,G$4:H$4,T$4) -> 838.76195 | U100: =TREND(G100:H100,G$4:H$4,U$4) -> 784.13833 | V100: =TREND(H100:I100,H$4:I$4,V$4) -> 726.98109 | X100: 0.02 | Y100: 236470 | Z100: =X100*60 -> 1.2 | AA100: =Y100/752034 -> 0.31444057
A101: 241.5 | B101: 1328.74 | C101: 1314.64 | D101: 1272.49 | E101: 1186.99 | F101: 1083.13 | G101: 974.55 | H101: 858.24 | I101: 794.24 | K101: =A101 -> 241.5 | L101: =TREND(B101:C101,B$4:C$4,L$4) -> 1346.6744 | M101: =TREND(C101:D101,C$4:D$4,M$4) -> 1285.1626 | N101: =TREND(D101:E101,D$4:E$4,N$4) -> 1233.3902 | O101: =TREND(D101:E101,D$4:E$4,O$4) -> 1187.452 | P101: =TREND(E101:F101,E$4:F$4,P$4) -> 1132.5304 | Q101: =TREND(E101:F101,E$4:F$4,Q$4) -> 1083.9712 | R101: =TREND(F101:G101,F$4:G$4,R$4) -> 1027.7553 | S101: =TREND(F101:G101,F$4:G$4,S$4) -> 975.83822 | T101: =TREND(G101:H101,G$4:H$4,T$4) -> 916.26315 | U101: =TREND(G101:H101,G$4:H$4,U$4) -> 860.01959 | V101: =TREND(H101:I101,H$4:I$4,V$4) -> 800.31299 | X101: 0.03 | Y101: 324580 | Z101: =X101*60 -> 1.8 | AA101: =Y101/752034 -> 0.43160283
A102: 296.5 | B102: 1411.02 | C102: 1396.79 | D102: 1354.21 | E102: 1267.8 | F102: 1162.55 | G102: 1053.52 | H102: 940.69 | I102: 880.14 | K102: =A102 -> 296.5 | L102: =TREND(B102:C102,B$4:C$4,L$4) -> 1429.1197 | M102: =TREND(C102:D102,C$4:D$4,M$4) -> 1367.0119 | N102: =TREND(D102:E102,D$4:E$4,N$4) -> 1314.6941 | O102: =TREND(D102:E102,D$4:E$4,O$4) -> 1268.2669 | P102: =TREND(E102:F102,E$4:F$4,P$4) -> 1212.6115 | Q102: =TREND(E102:F102,E$4:F$4,Q$4) -> 1163.4025 | R102: =TREND(F102:G102,F$4:G$4,R$4) -> 1106.9458 | S102: =TREND(F102:G102,F$4:G$4,S$4) -> 1054.8136 | T102: =TREND(G102:H102,G$4:H$4,T$4) -> 996.97709 | U102: =TREND(G102:H102,G$4:H$4,U$4) -> 942.41634 | V102: =TREND(H102:I102,H$4:I$4,V$4) -> 885.88562 | X102: 0.04 | Y102: 396730 | Z102: =X102*60 -> 2.4 | AA102: =Y102/752034 -> 0.52754264
A103: 357.5 | B103: 1475.67 | C103: 1461.35 | D103: 1418.46 | E103: 1331.54 | F103: 1225.5 | G103: 1115.06 | H103: 1001.07 | I103: 939.64 | K103: =A103 -> 357.5 | L103: =TREND(B103:C103,B$4:C$4,L$4) -> 1493.8842 | M103: =TREND(C103:D103,C$4:D$4,M$4) -> 1431.3551 | N103: =TREND(D103:E103,D$4:E$4,N$4) -> 1378.7109 | O103: =TREND(D103:E103,D$4:E$4,O$4) -> 1332.0097 | P103: =TREND(E103:F103,E$4:F$4,P$4) -> 1275.9373 | Q103: =TREND(E103:F103,E$4:F$4,Q$4) -> 1226.3589 | R103: =TREND(F103:G103,F$4:G$4,R$4) -> 1169.1767 | S103: =TREND(F103:G103,F$4:G$4,S$4) -> 1116.3703 | T103: =TREND(G103:H103,G$4:H$4,T$4) -> 1057.9358 | U103: =TREND(G103:H103,G$4:H$4,U$4) -> 1002.8141 | V103: =TREND(H103:I103,H$4:I$4,V$4) -> 945.46912 | X103: 0.05 | Y103: 455990 | Z103: =X103*60 -> 3 | AA103: =Y103/752034 -> 0.60634227
A104: 412.5 | B104: 1505.54 | C104: 1491.19 | D104: 1448.24 | E104: 1361.32 | F104: 1255.47 | G104: 1145.05 | H104: 1031.09 | I104: 969.63 | K104: =A104 -> 412.5 | L104: =TREND(B104:C104,B$4:C$4,L$4) -> 1523.7924 | M104: =TREND(C104:D104,C$4:D$4,M$4) -> 1461.1531 | N104: =TREND(D104:E104,D$4:E$4,N$4) -> 1408.4909 | O104: =TREND(D104:E104,D$4:E$4,O$4) -> 1361.7897 | P104: =TREND(E104:F104,E$4:F$4,P$4) -> 1305.8169 | Q104: =TREND(E104:F104,E$4:F$4,Q$4) -> 1256.3273 | R104: =TREND(F104:G104,F$4:G$4,R$4) -> 1199.1569 | S104: =TREND(F104:G104,F$4:G$4,S$4) -> 1146.36 | T104: =TREND(G104:H104,G$4:H$4,T$4) -> 1087.9408 | U104: =TREND(G104:H104,G$4:H$4,U$4) -> 1032.8336 | V104: =TREND(H104:I104,H$4:I$4,V$4) -> 975.46197 | X104: 0.07 | Y104: 545720 | Z104: =X104*60 -> 4.2 | AA104: =Y104/752034 -> 0.72565868
A105: 467.5 | B105: 1509.87 | C105: 1495.58 | D105: 1452.77 | E105: 1366.19 | F105: 1260.93 | G105: 1151.37 | H105: 1038.72 | I105: 978.13 | K105: =A105 -> 467.5 | L105: =TREND(B105:C105,B$4:C$4,L$4) -> 1528.0461 | M105: =TREND(C105:D105,C$4:D$4,M$4) -> 1465.641 | N105: =TREND(D105:E105,D$4:E$4,N$4) -> 1413.1763 | O105: =TREND(D105:E105,D$4:E$4,O$4) -> 1366.6578 | P105: =TREND(E105:F105,E$4:F$4,P$4) -> 1310.9963 | Q105: =TREND(E105:F105,E$4:F$4,Q$4) -> 1261.7826 | R105: =TREND(F105:G105,F$4:G$4,R$4) -> 1205.0555 | S105: =TREND(F105:G105,F$4:G$4,S$4) -> 1152.6698 | T105: =TREND(G105:H105,G$4:H$4,T$4) -> 1094.9173 | U105: =TREND(G105:H105,G$4:H$4,U$4) -> 1040.4436 | V105: =TREND(H105:I105,H$4:I$4,V$4) -> 983.87942 | X105: 0.1 | Y105: 632000 | Z105: =X105*60 -> 6 | AA105: =Y105/752034 -> 0.84038754
A106: 522.5 | B106: 1490.69 | C106: 1476.39 | D106: 1433.58 | E106: 1346.93 | F106: 1241.5 | G106: 1132.18 | H106: 1020.87 | I106: 961.91 | K106: =A106 -> 522.5 | L106: =TREND(B106:C106,B$4:C$4,L$4) -> 1508.8788 | M106: =TREND(C106:D106,C$4:D$4,M$4) -> 1446.451 | N106: =TREND(D106:E106,D$4:E$4,N$4) -> 1393.9543 | O106: =TREND(D106:E106,D$4:E$4,O$4) -> 1347.3982 | P106: =TREND(E106:F106,E$4:F$4,P$4) -> 1291.6471 | Q106: =TREND(E106:F106,E$4:F$4,Q$4) -> 1242.3539 | R106: =TREND(F106:G106,F$4:G$4,R$4) -> 1185.7479 | S106: =TREND(F106:G106,F$4:G$4,S$4) -> 1133.477 | T106: =TREND(G106:H106,G$4:H$4,T$4) -> 1076.3988 | U106: =TREND(G106:H106,G$4:H$4,U$4) -> 1022.5731 | V106: =TREND(H106:I106,H$4:I$4,V$4) -> 967.50474 | X106: 0.2 | Y106: 734330 | Z106: =X106*60 -> 12 | AA106: =Y106/752034 -> 0.97645851
A107: 577.5 | B107: 1453.41 | C107: 1439.06 | D107: 1396.11 | E107: 1308.88 | F107: 1201.81 | G107: 1089.34 | H107: 970.5 | I107: 904.75 | K107: =A107 -> 577.5 | L107: =TREND(B107:C107,B$4:C$4,L$4) -> 1471.6624 | M107: =TREND(C107:D107,C$4:D$4,M$4) -> 1409.0231 | N107: =TREND(D107:E107,D$4:E$4,N$4) -> 1356.2191 | O107: =TREND(D107:E107,D$4:E$4,O$4) -> 1309.3513 | P107: =TREND(E107:F107,E$4:F$4,P$4) -> 1252.7372 | Q107: =TREND(E107:F107,E$4:F$4,Q$4) -> 1202.6772 | R107: =TREND(F107:G107,F$4:G$4,R$4) -> 1144.4515 | S107: =TREND(F107:G107,F$4:G$4,S$4) -> 1090.6744 | T107: =TREND(G107:H107,G$4:H$4,T$4) -> 1029.7853 | U107: =TREND(G107:H107,G$4:H$4,U$4) -> 972.3183 | V107: =TREND(H107:I107,H$4:I$4,V$4) -> 910.98905 | X107: 0.3 | Y107: 742840 | Z107: =X107*60 -> 18 | AA107: =Y107/752034 -> 0.98777449
A108: 632.5 | B108: 1405.68 | C108: 1391.59 | D108: 1349.35 | E108: 1263.37 | F108: 1158.14 | G108: 1048.35 | H108: 933.09 | I108: 870.34 | K108: =A108 -> 632.5 | L108: =TREND(B108:C108,B$4:C$4,L$4) -> 1423.6017 | M108: =TREND(C108:D108,C$4:D$4,M$4) -> 1362.0496 | N108: =TREND(D108:E108,D$4:E$4,N$4) -> 1310.0307 | O108: =TREND(D108:E108,D$4:E$4,O$4) -> 1263.8346 | P108: =TREND(E108:F108,E$4:F$4,P$4) -> 1208.192 | Q108: =TREND(E108:F108,E$4:F$4,Q$4) -> 1158.9923 | R108: =TREND(F108:G108,F$4:G$4,R$4) -> 1102.1482 | S108: =TREND(F108:G108,F$4:G$4,S$4) -> 1049.6526 | T108: =TREND(G108:H108,G$4:H$4,T$4) -> 990.58934 | U108: =TREND(G108:H108,G$4:H$4,U$4) -> 934.85352 | V108: =TREND(H108:I108,H$4:I$4,V$4) -> 876.29438 | X108: 0.5 | Y108: 742840 | Z108: =X108*60 -> 30 | AA108: =Y108/752034 -> 0.98777449 | AC108: =1/(1-AA108) -> 81.796171 | AD108: =6.9/AC108 -> 0.084356026
A109: 687.5 | B109: 1351.35 | C109: 1337.7 | D109: 1296.72 | E109: 1213.21 | F109: 1111.58 | G109: 1005.99 | H109: 894.71 | I109: 834.21 | K109: =A109 -> 687.5 | L109: =TREND(B109:C109,B$4:C$4,L$4) -> 1368.712 | M109: =TREND(C109:D109,C$4:D$4,M$4) -> 1309.0408 | N109: =TREND(D109:E109,D$4:E$4,N$4) -> 1258.5303 | O109: =TREND(D109:E109,D$4:E$4,O$4) -> 1213.6612 | P109: =TREND(E109:F109,E$4:F$4,P$4) -> 1159.9197 | Q109: =TREND(E109:F109,E$4:F$4,Q$4) -> 1112.4032 | R109: =TREND(F109:G109,F$4:G$4,R$4) -> 1057.7302 | S109: =TREND(F109:G109,F$4:G$4,S$4) -> 1007.2427 | T109: =TREND(G109:H109,G$4:H$4,T$4) -> 950.22385 | U109: =TREND(G109:H109,G$4:H$4,U$4) -> 896.41263 | V109: =TREND(H109:I109,H$4:I$4,V$4) -> 839.95088
A110: 742.5 | B110: 1291.39 | C110: 1278.22 | D110: 1238.61 | E110: 1158.26 | F110: 1061 | G110: 959.7 | H110: 852.23 | I110: 793.83 | K110: =A110 -> 742.5 | L110: =TREND(B110:C110,B$4:C$4,L$4) -> 1308.1415 | M110: =TREND(C110:D110,C$4:D$4,M$4) -> 1250.5189 | N110: =TREND(D110:E110,D$4:E$4,N$4) -> 1201.8654 | O110: =TREND(D110:E110,D$4:E$4,O$4) -> 1158.6942 | P110: =TREND(E110:F110,E$4:F$4,P$4) -> 1107.2611 | Q110: =TREND(E110:F110,E$4:F$4,Q$4) -> 1061.7878 | R110: =TREND(F110:G110,F$4:G$4,R$4) -> 1009.338 | S110: =TREND(F110:G110,F$4:G$4,S$4) -> 960.90184 | T110: =TREND(G110:H110,G$4:H$4,T$4) -> 905.84317 | U110: =TREND(G110:H110,G$4:H$4,U$4) -> 853.87433 | V110: =TREND(H110:I110,H$4:I$4,V$4) -> 799.37161
A111: 797.5 | B111: 1225.98 | C111: 1213.33 | D111: 1175.44 | E111: 1099.03 | F111: 1006.57 | G111: 909.58 | H111: 805.99 | I111: 749.8 | K111: =A111 -> 797.5 | L111: =TREND(B111:C111,B$4:C$4,L$4) -> 1242.0701 | M111: =TREND(C111:D111,C$4:D$4,M$4) -> 1186.8318 | N111: =TREND(D111:E111,D$4:E$4,N$4) -> 1140.4972 | O111: =TREND(D111:E111,D$4:E$4,O$4) -> 1099.4429 | P111: =TREND(E111:F111,E$4:F$4,P$4) -> 1050.548 | Q111: =TREND(E111:F111,E$4:F$4,Q$4) -> 1007.3189 | R111: =TREND(F111:G111,F$4:G$4,R$4) -> 957.10609 | S111: =TREND(F111:G111,F$4:G$4,S$4) -> 910.73071 | T111: =TREND(G111:H111,G$4:H$4,T$4) -> 857.66757 | U111: =TREND(G111:H111,G$4:H$4,U$4) -> 807.57497 | V111: =TREND(H111:I111,H$4:I$4,V$4) -> 755.1319 | X111: 氦气质量/kg | Y111: =Y108*4/1000 -> 2971.36
A112: 852.5 | B112: 1154.39 | C112: 1142.47 | D112: 1106.94 | E112: 1035.23 | F112: 947.91 | G112: 855.6 | H112: 756.55 | I112: 702.88 | K112: =A112 -> 852.5 | L112: =TREND(B112:C112,B$4:C$4,L$4) -> 1169.5516 | M112: =TREND(C112:D112,C$4:D$4,M$4) -> 1117.6223 | N112: =TREND(D112:E112,D$4:E$4,N$4) -> 1074.1465 | O112: =TREND(D112:E112,D$4:E$4,O$4) -> 1035.6175 | P112: =TREND(E112:F112,E$4:F$4,P$4) -> 989.44322 | Q112: =TREND(E112:F112,E$4:F$4,Q$4) -> 948.61725 | R112: =TREND(F112:G112,F$4:G$4,R$4) -> 900.83285 | S112: =TREND(F112:G112,F$4:G$4,S$4) -> 856.69518 | T112: =TREND(G112:H112,G$4:H$4,T$4) -> 805.96272 | U112: =TREND(G112:H112,G$4:H$4,U$4) -> 758.0655 | V112: =TREND(H112:I112,H$4:I$4,V$4) -> 707.97277 | X112: T1 | Y112: 250 | Z112: 厂房T | AA112: 厂房压力 | AB112: 排放比例
A113: 907.5 | B113: 1074.39 | C113: 1063.43 | D113: 1030.72 | E113: 964.52 | F113: 883.31 | G113: 796.85 | H113: 703.59 | I113: 653.07 | K113: =A113 -> 907.5 | L113: =TREND(B113:C113,B$4:C$4,L$4) -> 1088.3305 | M113: =TREND(C113:D113,C$4:D$4,M$4) -> 1040.5544 | N113: =TREND(D113:E113,D$4:E$4,N$4) -> 1000.4463 | O113: =TREND(D113:E113,D$4:E$4,O$4) -> 964.8777 | P113: =TREND(E113:F113,E$4:F$4,P$4) -> 921.93704 | Q113: =TREND(E113:F113,E$4:F$4,Q$4) -> 883.96776 | R113: =TREND(F113:G113,F$4:G$4,R$4) -> 839.21629 | S113: =TREND(F113:G113,F$4:G$4,S$4) -> 797.87578 | T113: =TREND(G113:H113,G$4:H$4,T$4) -> 750.11428 | U113: =TREND(G113:H113,G$4:H$4,U$4) -> 705.01691 | V113: =TREND(H113:I113,H$4:I$4,V$4) -> 657.86387 | X113: P1 | Y113: 8.4 | Z113: 150 | AA113: =0.101+(Z113+273)/(Y$112+273)*Y$114/Y$115*Y$113 -> 0.1782032 | AB113: =(AA113-0.101)/AA113 -> 0.43323127
A114: 962.5 | B114: 978.73 | C114: 968.85 | D114: 939.46 | E114: 880.24 | F114: 807.63 | G114: 730.07 | H114: 645.7 | I114: 599.82 | K114: =A114 -> 962.5 | L114: =TREND(B114:C114,B$4:C$4,L$4) -> 991.29679 | M114: =TREND(C114:D114,C$4:D$4,M$4) -> 948.29623 | N114: =TREND(D114:E114,D$4:E$4,N$4) -> 912.37827 | O114: =TREND(D114:E114,D$4:E$4,O$4) -> 880.55998 | P114: =TREND(E114:F114,E$4:F$4,P$4) -> 842.1665 | Q114: =TREND(E114:F114,E$4:F$4,Q$4) -> 808.2181 | R114: =TREND(F114:G114,F$4:G$4,R$4) -> 768.0752 | S114: =TREND(F114:G114,F$4:G$4,S$4) -> 730.99019 | T114: =TREND(G114:H114,G$4:H$4,T$4) -> 687.78936 | U114: =TREND(G114:H114,G$4:H$4,U$4) -> 646.99089 | V114: =TREND(H114:I114,H$4:I$4,V$4) -> 604.17358 | X114: V1 | Y114: =500 -> 500 | Z114: 100 | AA114: =0.101+(Z114+273)/(Y$112+273)*Y$114/Y$115*Y$113 -> 0.16907752 | AB114: =(AA114-0.101)/AA114 -> 0.40264089
...

Sheet DN65-源项
A1: 事故类型 | B1: 破口类 | H1: 事故源项 | I1: 无过滤 | R1: 有过滤 | AA1: 正常源项 | AF1: 事故源项 | AP1: 瞬时释放 | AV1: 升温释放 | FS1: HTR-PM FSAR | FX1: 比例 | GE1: CX PSAR-A | GL1: 比例
A2: 事故进程 | B2: DN65 | AR2: 瞬时泄压比例 | AT2: 安全壳瞬时泄压 | AV2: 第一时段h | AW2: t0/h | AX2: t1/h | BA2: 泄压速率 | BB2: 升温比例 | BC2: 安全壳泄漏率/d | BQ2: 第二时段/h | BR2: t0/h | BS2: t1/h | BV2: 泄压速率 | BW2: 升温比例 | BX2: 安全壳泄漏率/d | CL2: 第三时段/h | CM2: t0/h | CN2: t1/h | CQ2: 泄压速率 | CR2: 升温比例 | CS2: 安全壳泄漏率/d | DG2: 第四时段/h | DH2: t0/h | DI2: t1/h | DL2: 泄压速率 | DM2: 升温比例 | DN2: 安全壳泄漏率/d | EB2: 第五时段/h | EC2: t0/h | ED2: t1/h | EG2: 泄压速率 | EH2: 升温比例 | EI2: 安全壳泄漏率/d | EW2: 第六时段/h | EX2: t0/h | EY2: t1/h | FB2: 泄压速率 | FC2: 升温比例 | FD2: 安全壳泄漏率/d
AF3: 破口相关 | AH3: 进水相关 | AR3: =C14 -> 1 | AT3: =C15 -> 1 | AV3: =AX3-AW3 -> 2 | AW3: 0 | AX3: 2 | BA3: =$C$17 -> 0 | BB3: =$C$18 -> 0.24591637 | BC3: =$C$19 -> 1e+20 | BQ3: =BS3-BR3 -> 6 | BR3: 2 | BS3: 8 | BV3: =$C$20 -> 0 | BW3: =$C$21 -> 0.18866051 | BX3: =$C$22 -> 1e+20 | CL3: =CN3-CM3 -> 16 | CM3: 8 | CN3: 24 | CQ3: =$C$23 -> 0 | CR3: =$C$24 -> 0.055941351 | CS3: =$C$25 -> 1e+20 | DG3: =DI3-DH3 -> 24 | DH3: 24 | DI3: 48 | DL3: =$C$26 -> 0 | DM3: =$C$27 -> 0.088945088 | DN3: =$C$28 -> 1e+20 | EB3: =ED3-EC3 -> 48 | EC3: 48 | ED3: 96 | EG3: =$C$29 -> 0 | EH3: =$C$30 -> 0.01 | EI3: =$C$31 -> 1e+20 | EW3: =EY3-EX3 -> 624 | EX3: 96 | EY3: =30*24 -> 720 | FB3: =$C$32 -> 0 | FC3: =$C$33 -> 0.01 | FD3: =$C$34 -> 1e+20
A4: 源项 | B4: 计算参数 | C4: 数值 | D4: 单位 | E4: 说明 | G4: 核素 | H4: 瞬时释放 | I4: 0-2h释放 | J4: 2-8h释放 | K4: 8-24h释放 | L4: 1-4天释放 | M4: 4-30天释放 | N4: 合计 | O4: 瞬时总量 | Q4: =G4 -> 核素 | R4: 瞬时释放 | S4: 0-2h释放 | T4: 2-8h释放 | U4: 8-24h释放 | V4: 1-4天释放 | W4: 4-30天释放 | X4: 合计 | Z4: 衰变常数λ | AA4: 堆芯总量,bq | AB4: 正常工况安全壳内剂量 | AC4: 冷却剂中稳态平衡量,bq | AD4: 氦净化系统低温吸附器和分子筛上的量 | AE4: 一回路表面沉积量 | AF4: 一回路表面解吸附释放量 | AG4: 石墨粉尘载带释放量 | AH4: 蒸发器表面沉积解吸因子 | AI4: 蒸发器表面沉积冲刷释放 | AJ4: 燃料颗粒外的释放份额 | AK4: 元件外释放份额 | AL4: 腐蚀的燃料元件基体石墨的释放 | AM4: 水/汽反应导致破损颗粒的释放 | AN4: 泄压前燃料释放率 | AO4: 泄压前一回路升温附加释放量 | AP4: 泄压时燃料总量A | AQ4: 泄压前一回路总量 | AR4: 泄压后一回路总量B | AS4: 泄压前安全壳总量 | AT4: 泄压后安全壳总量C | AU4: 瞬时释放量 | AV4: 时段长度T,s | AW4: 起始燃料总量A0 | AX4: 起始一回路总量B0 | AY4: 起始安全壳总量C0 | AZ4: 起始环境总量D0 | BA4: 燃料向一回路释放率r, s-1 | BB4: 一回路向安全壳释放率f, s-1 | BC4: 安全壳向环境释放率w, s-1 | BD4: 临时变量R | BE4: 临时变量F | BF4: 临时变量W | BG4: 临时变量X | BH4: 临时变量Y | BI4: 临时变量Z | BJ4: 结束燃料总量A(T) | BK4: 结束一回路总量B(T) | BL4: 结束安全壳总量C(T) | BM4: 结束环境总量D(T) | BN4: 燃料向一回路释放量AB（T) | BO4: 一回路向安全壳释放量BC（T) | BP4: 安全壳向环境释放量CD（T) | BQ4: 时段长度T,s | BR4: 起始燃料总量A0 | BS4: 起始一回路总量B0 | BT4: 起始安全壳总量C0 | BU4: 起始环境总量D0 | BV4: 燃料向一回路释放率r, s-1 | BW4: 一回路向安全壳释放率f, s-1 | BX4: 安全壳向环境释放率w, s-1 | BY4: 临时变量R | BZ4: 临时变量F | CA4: 临时变量W | CB4: 临时变量X | CC4: 临时变量Y | CD4: 临时变量Z | CE4: 结束燃料总量A(T) | CF4: 结束一回路总量B(T) | CG4: 结束安全壳总量C(T) | CH4: 结束环境总量D(T) | CI4: 燃料向一回路释放量AB（T) | CJ4: 一回路向安全壳释放量BC（T) | CK4: 安全壳向环境释放量CD（T) | CL4: 时段长度T,s | CM4: 起始燃料总量A0 | CN4: 起始一回路总量B0 | CO4: 起始安全壳总量C0 | CP4: 起始环境总量D0 | CQ4: 燃料向一回路释放率r, s-1 | CR4: 一回路向安全壳释放率f, s-1 | CS4: 安全壳向环境释放率w, s-1 | CT4: 临时变量R | CU4: 临时变量F | CV4: 临时变量W | CW4: 临时变量X | CX4: 临时变量Y | CY4: 临时变量Z | CZ4: 结束燃料总量A(T) | DA4: 结束一回路总量B(T) | DB4: 结束安全壳总量C(T) | DC4: 结束环境总量D(T) | DD4: 燃料向一回路释放量AB（T) | DE4: 一回路向安全壳释放量BC（T) | DF4: 安全壳向环境释放量CD（T) | DG4: 时段长度T,s | DH4: 起始燃料总量A0 | DI4: 起始一回路总量B0 | DJ4: 起始安全壳总量C0 | DK4: 起始环境总量D0 | DL4: 燃料向一回路释放率r, s-1 | DM4: 一回路向安全壳释放率f, s-1 | DN4: 安全壳向环境释放率w, s-1 | DO4: 临时变量R | DP4: 临时变量F | DQ4: 临时变量W | DR4: 临时变量X | DS4: 临时变量Y | DT4: 临时变量Z | DU4: 结束燃料总量A(T) | DV4: 结束一回路总量B(T) | DW4: 结束安全壳总量C(T) | DX4: 结束环境总量D(T) | DY4: 燃料向一回路释放量AB（T) | DZ4: 一回路向安全壳释放量BC（T) | EA4: 安全壳向环境释放量CD（T) | EB4: 时段长度T,s | EC4: 起始燃料总量A0 | ED4: 起始一回路总量B0 | EE4: 起始安全壳总量C0 | EF4: 起始环境总量D0 | EG4: 燃料向一回路释放率r, s-1 | EH4: 一回路向安全壳释放率f, s-1 | EI4: 安全壳向环境释放率w, s-1 | EJ4: 临时变量R | EK4: 临时变量F | EL4: 临时变量W | EM4: 临时变量X | EN4: 临时变量Y | EO4: 临时变量Z | EP4: 结束燃料总量A(T) | EQ4: 结束一回路总量B(T) | ER4: 结束安全壳总量C(T) | ES4: 结束环境总量D(T) | ET4: 燃料向一回路释放量AB（T) | EU4: 一回路向安全壳释放量BC（T) | EV4: 安全壳向环境释放量CD（T) | EW4: 时段长度T,s | EX4: 起始燃料总量A0 | EY4: 起始一回路总量B0 | EZ4: 起始安全壳总量C0 | FA4: 起始环境总量D0 | FB4: 燃料向一回路释放率r, s-1 | FC4: 一回路向安全壳释放率f, s-1 | FD4: 安全壳向环境释放率w, s-1 | FE4: 临时变量R | FF4: 临时变量F | FG4: 临时变量W | FH4: 临时变量X | FI4: 临时变量Y | FJ4: 临时变量Z | FK4: 结束燃料总量A(T) | FL4: 结束一回路总量B(T) | FM4: 结束安全壳总量C(T) | FN4: 结束环境总量D(T) | FO4: 燃料向一回路释放量AB（T) | FP4: 一回路向安全壳释放量BC（T) | FQ4: 安全壳向环境释放量CD（T) | FS4: 瞬时释放 | FT4: 0-8h | FU4: 8-24h | FV4: 1-3 天 | FW4: 总计 | FX4: 瞬时释放 | FY4: 0-8h | FZ4: 8-24h | GA4: 1-3 天 | GB4: 3天合计 | GC4: 合计 | GE4: 破口瞬时释放 | GF4: 0-8h | GG4: 8-24h | GH4: 1-2天 | GI4: 2-4天 | GJ4: 4-30天 | GK4: 释放总量 | GL4: 破口瞬时释放 | GM4: 0-8h | GN4: 8-24h | GO4: 1-4天 | GP4: 4-30天 | GQ4: 释放总量 | GR4: λ | GS4: T
A5: 放射性来源 | B5: 一回路稳态释放 | C5: 1 | D5: 份额 | G5: Kr-83m | H5: =AU5 -> 4429000000 | I5: =BP5 -> 1.0608446e+09 | J5: =CK5 -> 1.4616748e+09 | K5: =DF5 -> 69454071 | L5: =EA5+EV5 -> 715055.32 | M5: =FQ5 -> 3.1743113e-08 | N5: =SUM(H5:M5) -> 7.0216885e+09 | O5: =AS5 -> 4429000000 | Q5: =G5 -> Kr-83m | R5: =H5 -> 4429000000 | S5: =I5*(1-过滤效率!$B2) -> 1.0608446e+09 | T5: =J5*(1-过滤效率!$B2) -> 1.4616748e+09 | U5: =K5*(1-过滤效率!$B2) -> 69454071 | V5: =L5*(1-过滤效率!$B2) -> 715055.32 | W5: =M5*(1-过滤效率!$B2) -> 3.1743113e-08 | X5: =SUM(R5:W5) -> 7.0216885e+09 | Z5: =VLOOKUP(G5,衰变常数!$A$1:$H$3800,7,FALSE) -> 0.0001052136 | AA5: =正常源项!C2 -> 2.35e+16 | AB5: =正常源项!F2 -> 0 | AC5: =正常源项!I2 -> 4250000000 | AD5: =正常源项!L2 -> 179000000 | AL5: =AA5*0.0000007*0.000209 -> 3438050 | AM5: =(0.00016*2%+0.00026*2%)/2*AA5 -> 98700000000 | AN5: =MAX(INDIRECT("'"&$B$2&"-事故进程'!Y"&(ROW()+22)),INDIRECT("'"&$B$2&"-事故进程'!Z"&(ROW()+22)),INDIRECT("'"&$B$2&"-事故进程'!AA"&(ROW()+22))) -> 1.7205845e-10 | AO5: =AA5*(EXP(-Z5*$C$12*3600)-EXP(-(Z5+AN5)*$C$12*3600)) -> 0 | AP5: =AA5*EXP(-Z5*$C$12*3600) -> 2.35e+16 | AQ5: =(AC5*$C$5+AD5*$C$8+AF5+AG5+AI5+(AL5+AM5)*$C$10)*EXP(-Z5*$C$12*3600)+AO5*$C$11 -> 4429000000 | AR5: =AQ5*(1-AR$3) -> 0 | AS5: =(AQ5-AR5)+AB5*EXP(-Z5*$C$12*3600) -> 4429000000 | AT5: =AS5*(1-AT$3) -> 0 | AU5: =AS5-AT5 -> 4429000000 | AV5: =AV$3*3600 -> 7200 | AW5: =AP5*EXP(-Z5*AW$3*3600) -> 2.35e+16 | AX5: =AR5 -> 0 | AY5: =AT5 -> 0 | AZ5: 0 | BA5: =MAX(INDIRECT("'"&$B$2&"-事故进程'!Y"&(ROW()+22)),INDIRECT("'"&$B$2&"-事故进程'!Z"&(ROW()+22))) -> 7.8903518e-11 | BB5: =SUM(BA$3,-LN(1-BB$3)/AV5) -> 3.9201666e-05 | BC5: =BC$3/24/3600 -> 1.1574074e+15 | BD5: =EXP(-AV5*($Z5+BA5)) -> 0.46881902 | BE5: =EXP(-AV5*($Z5+BB5)) -> 0.35352895 | BF5: =EXP(-AV5*($Z5+BC5)) -> 0 | BG5: =AW5*BA5+AX5*(BA5-BB5) -> 1854232.7 | BH5: =(AW5*BB5*BA5/(BA5-BC5)+AX5*BB5)/(BB5-BC5)+AY5 -> 5.4262055e-29 | BI5: =IF(BB5=0,0,BB5/(BB5-BA5)) -> 1.000002 | BJ5: =AW5*BD5 -> 1.1017247e+16 | BK5: =BA5/(BB5-BA5)*BJ5+(AX5-AW5*BA5/(BB5-BA5))*BE5 -> 5.4532132e+09 | BL5: =BF5*BH5+BI5*(BE5*BG5/(BB5-BC5)-BJ5*BA5/(BA5-BC5)) -> 1.8470164e-10 | BM5: =(AW5+AX5+AY5+AZ5)*EXP(-$Z5*AV5)-BJ5-BK5-BL5 -> 8.0574531e+08 | BN5: =AW5*BA5/($Z5+BA5)*(1-BD5) -> 9.3612652e+09 | BO5: =BI5*(BN5-(1-BE5)*BG5/($Z5+BB5)) -> 1.0608446e+09 | BP5: =BC5*(1-BF5)*BH5/($Z5+BC5)+BC5*BI5*((1-BE5)*BG5/($Z5+BB5)/(BB5-BC5)-BN5/(BA5-BC5)) -> 1.0608446e+09 | BQ5: =BQ$3*3600 -> 21600 | BR5: =BJ5 -> 1.1017247e+16 | BS5: =BK5 -> 5.4532132e+09 | BT5: =BL5 -> 1.8470164e-10 | BU5: =BM5 -> 8.0574531e+08 | BV5: =MAX(INDIRECT("'"&$B$2&"-事故进程'!Z"&(ROW()+22)),INDIRECT("'"&$B$2&"-事故进程'!AA"&(ROW()+22))) -> 1.7205845e-10 | BW5: =SUM(BV$3,-LN(1-BW$3)/BQ5) -> 9.6791067e-06 | BX5: =BX$3/24/3600 -> 1.1574074e+15 | BY5: =EXP(-BQ5*($Z5+BV5)) -> 0.10304212 | BZ5: =EXP(-BQ5*($Z5+BW5)) -> 0.083602453 | CA5: =EXP(-BQ5*($Z5+BX5)) -> 0 | CB5: =BR5*BV5+BS5*(BV5-BW5) -> 1842829.1 | CC5: =(BR5*BW5*BV5/(BV5-BX5)+BS5*BW5)/(BW5-BX5)+BT5 -> 1.3909779e-10 | CD5: =IF(BW5=0,0,BW5/(BW5-BV5)) -> 1.0000178 | CE5: =BR5*BY5 -> 1.1352405e+15 | CF5: =BV5/(BW5-BV5)*CE5+(BS5-BR5*BV5/(BW5-BV5))*BZ5 -> 4.2631432e+09 | CG5: =CA5*CC5+CD5*(BZ5*CB5/(BW5-BX5)-CE5*BV5/(BV5-BX5)) -> 3.5651593e-11 | CH5: =(BR5+BS5+BT5+BU5)*EXP(-$Z5*BQ5)-CE5-CF5-CG5 -> 6.0088222e+08 | CI5: =BR5*BV5/($Z5+BV5)*(1-BY5) -> 1.6160268e+10 | CJ5: =CD5*(CI5-(1-BZ5)*CB5/($Z5+BW5)) -> 1.4616748e+09 | CK5: =BX5*(1-CA5)*CC5/($Z5+BX5)+BX5*CD5*((1-BZ5)*CB5/($Z5+BW5)/(BW5-BX5)-CI5/(BV5-BX5)) -> 1.4616748e+09 | CL5: =CL$3*3600 -> 57600 | CM5: =CE5 -> 1.1352405e+15 | CN5: =CF5 -> 4.2631432e+09 | CO5: =CG5 -> 3.5651593e-11 | CP5: =CH5 -> 6.0088222e+08 | CQ5: =MAX(INDIRECT("'"&$B$2&"-事故进程'!AA"&(ROW()+22)),INDIRECT("'"&$B$2&"-事故进程'!AB"&(ROW()+22))) -> 2.9458354e-10 | CR5: =SUM(CQ$3,-LN(1-CR$3)/CL5) -> 9.9942685e-07 | CS5: =CS$3/24/3600 -> 1.1574074e+15 | CT5: =EXP(-CL5*($Z5+CQ5)) -> 0.0023336536 | CU5: =EXP(-CL5*($Z5+CR5)) -> 0.0022031432 | CV5: =EXP(-CL5*($Z5+CS5)) -> 0 | CW5: =CM5*CQ5+CN5*(CQ5-CR5) -> 330163.72 | CX5: =(CM5*CR5*CQ5/(CQ5-CS5)+CN5*CR5)/(CR5-CS5)+CO5 -> 3.1970348e-11 | CY5: =IF(CR5=0,0,CR5/(CR5-CQ5)) -> 1.0002948 | CZ5: =CM5*CT5 -> 2.6492581e+12 | DA5: =CQ5/(CR5-CQ5)*CZ5+(CN5-CM5*CQ5/(CR5-CQ5))*CU5 -> 53075906 | DB5: =CV5*CX5+CY5*(CU5*CW5/(CR5-CS5)-CZ5*CQ5/(CQ5-CS5)) -> 4.5831299e-14 | DC5: =(CM5+CN5+CO5+CP5)*EXP(-$Z5*CL5)-CZ5-DA5-DB5 -> 3228261 | DD5: =CM5*CQ5/($Z5+CQ5)*(1-CT5) -> 3.1710902e+09 | DE5: =CY5*(DD5-(1-CU5)*CW5/($Z5+CR5)) -> 69454071 | DF5: =CS5*(1-CV5)*CX5/($Z5+CS5)+CS5*CY5*((1-CU5)*CW5/($Z5+CR5)/(CR5-CS5)-DD5/(CQ5-CS5)) -> 69454071 | DG5: =DG$3*3600 -> 86400 | DH5: =CZ5 -> 2.6492581e+12 | DI5: =DA5 -> 53075906 | DJ5: =DB5 -> 4.5831299e-14 | DK5: =DC5 -> 3228261 | DL5: =MAX(INDIRECT("'"&$B$2&"-事故进程'!AB"&(ROW()+22)),INDIRECT("'"&$B$2&"-事故进程'!AC"&(ROW()+22))) -> 6.9272473e-10 | DM5: =SUM(DL$3,-LN(1-DM$3)/DG5) -> 1.0781494e-06 | DN5: =DN$3/24/3600 -> 1.1574074e+15 | DO5: =EXP(-DG5*($Z5+DL5)) -> 0.00011273003 | DP5: =EXP(-DG5*($Z5+DM5)) -> 0.0001027094 | DQ5: =EXP(-DG5*($Z5+DN5)) -> 0 | DR5: =DH5*DL5+DI5*(DL5-DM5) -> 1778.0196 | DS5: =(DH5*DM5*DL5/(DL5-DN5)+DI5*DM5)/(DM5-DN5)+DJ5 -> -3.6100253e-15 | DT5: =IF(DM5=0,0,DM5/(DM5-DL5)) -> 1.0006429 | DU5: =DH5*DO5 -> 2.9865095e+08 | DV5: =DL5/(DM5-DL5)*DU5+(DI5-DH5*DL5/(DM5-DL5))*DP5 -> 22519.307 | DW5: =DQ5*DS5+DT5*(DP5*DR5/(DM5-DN5)-DU5*DL5/(DL5-DN5)) -> 2.0977209e-17 | DX5: =(DH5+DI5+DJ5+DK5)*EXP(-$Z5*DG5)-DU5-DV5-DW5 -> 1703.4607 | DY5: =DH5*DL5/($Z5+DL5)*(1-DO5) -> 17440594 | DZ5: =DT5*(DY5-(1-DP5)*DR5/($Z5+DM5)) -> 715041.79 | EA5: =DN5*(1-DQ5)*DS5/($Z5+DN5)+DN5*DT5*((1-DP5)*DR5/($Z5+DM5)/(DM5-DN5)-DY5/(DL5-DN5)) -> 715041.79 | EB5: =EB$3*3600 -> 172800 | EC5: =DU5 -> 2.9865095e+08 | ED5: =DV5 -> 22519.307 | EE5: =DW5 -> 2.0977209e-17 | EF5: =DX5 -> 1703.4607 | EG5: =MAX(INDIRECT("'"&$B$2&"-事故进程'!AC"&(ROW()+22)),INDIRECT("'"&$B$2&"-事故进程'!AD"&(ROW()+22)),INDIRECT("'"&$B$2&"-事故进程'!AE"&(ROW()+22))) -> 6.9272473e-10 | EH5: =SUM(EG$3,-LN(1-EH$3)/EB5) -> 5.8161666e-08 | EI5: =EI$3/24/3600 -> 1.1574074e+15 | EJ5: =EXP(-EB5*($Z5+EG5)) -> 1.2708061e-08 | EK5: =EXP(-EB5*($Z5+EH5)) -> 1.2582486e-08 | EL5: =EXP(-EB5*($Z5+EI5)) -> 0 | EM5: =EC5*EG5+ED5*(EG5-EH5) -> 0.20558874 | EN5: =(EC5*EH5*EG5/(EG5-EI5)+ED5*EH5)/(EH5-EI5)+EE5 -> 1.9845576e-17 | EO5: =IF(EH5=0,0,EH5/(EH5-EG5)) -> 1.0120539 | EP5: =EC5*EJ5 -> 3.7952744 | EQ5: =EG5/(EH5-EG5)*EP5+(ED5-EC5*EG5/(EH5-EG5))*EK5 -> 0.00073540564 | ER5: =EL5*EN5+EO5*(EK5*EM5/(EH5-EI5)-EP5*EG5/(EG5-EI5)) -> 3.6955368e-26 | ES5: =(EC5+ED5+EE5+EF5)*EXP(-$Z5*EB5)-EP5-EQ5-ER5 -> 2.6787895e-05 | ET5: =EC5*EG5/($Z5+EG5)*(1-EJ5) -> 1966.3004 | EU5: =EO5*(ET5-(1-EK5)*EM5/($Z5+EH5)) -> 13.52807 | EV5: =EI5*(1-EL5)*EN5/($Z5+EI5)+EI5*EO5*((1-EK5)*EM5/($Z5+EH5)/(EH5-EI5)-ET5/(EG5-EI5)) -> 13.52807 | EW5: =EW$3*3600 -> 2246400 | EX5: =EP5 -> 3.7952744 | EY5: =EQ5 -> 0.00073540564 | EZ5: =ER5 -> 3.6955368e-26 | FA5: =ES5 -> 2.6787895e-05 | FB5: =INDIRECT("'"&$B$2&"-事故进程'!AE"&(ROW()+22)) -> 3.0835084e-10 | FC5: =SUM(FB$3,-LN(1-FC$3)/EW5) -> 4.4739743e-09 | FD5: =FD$3/24/3600 -> 1.1574074e+15 | FE5: =EXP(-EW5*($Z5+FB5)) -> 2.2563453e-103 | FF5: =EXP(-EW5*($Z5+FC5)) -> 2.2353297e-103 | FG5: =EXP(-EW5*($Z5+FD5)) -> 0 | FH5: =EX5*FB5+EY5*(FB5-FC5) -> 1.1672126e-09 | FI5: =(EX5*FC5*FB5/(FB5-FD5)+EY5*FC5)/(FC5-FD5)+EZ5 -> 3.4112648e-26 | FJ5: =IF(FC5=0,0,FC5/(FC5-FB5)) -> 1.0740227 | FK5: =EX5*FE5 -> 8.5634496e-103 | FL5: =FB5/(FC5-FB5)*FK5+(EY5-EX5*FB5/(FC5-FB5))*FF5 -> 7.5479314e-106 | FM5: =FG5*FI5+FJ5*(FF5*FH5/(FC5-FD5)-FK5*FB5/(FB5-FD5)) -> 2.9176633e-129 | FN5: =(EX5+EY5+EZ5+FA5)*EXP(-$Z5*EW5)-FK5-FL5-FM5 -> 1.0681143e-107 | FO5: =EX5*FB5/($Z5+FB5)*(1-FE5) -> 1.1122827e-05 | FP5: =FJ5*(FO5-(1-FF5)*FH5/($Z5+FC5)) -> 3.1743113e-08 | FQ5: =FD5*(1-FG5)*FI5/($Z5+FD5)+FD5*FJ5*((1-FF5)*FH5/($Z5+FC5)/(FC5-FD5)-FO5/(FB5-FD5)) -> 3.1743113e-08 | FR5: =G5 -> Kr-83m | FS5: 5560000000 | FT5: 3000000000 | FU5: 217000000 | FV5: 395000 | FW5: 8780000000 | FX5: =H5/FS5 -> 0.79658273 | FY5: =(I5+J5)/FT5 -> 0.8408398 | FZ5: =K5/FU5 -> 0.32006484 | GA5: =L5/FV5 -> 1.8102666 | GB5: =SUM(H5:L5)/FW5 -> 0.79973673 | GC5: =N5/FW5 -> 0.79973673 | GE5: 1.1290633e+09 | GF5: 1.4044092e+08 | GG5: 12115601 | GH5: 33581.664 | GI5: 57.197355 | GJ5: 4.3111072e-08 | GK5: 1.2816535e+09 | GL5: =H5/GE5 -> 3.9227206 | GM5: =(I5+J5)/GF5 -> 17.961427 | GN5: =K5/GG5 -> 5.7326148 | GO5: =L5/(GH5+GI5) -> 21.256823 | GP5: =M5/GJ5 -> 0.73631001 | GQ5: =N5/GK5 -> 5.478617 | GR5: =Z5 -> 0.0001052136 | GS5: =LN(2)/GR5 -> 6588
B6: 沉积解吸 | C6: 4.31 | D6: 倍稳态 | G6: Kr-85 | H6: =AU6 -> 1076200000 | I6: =BP6 -> 1035491.8 | J6: =CK6 -> 25077855 | K6: =DF6 -> 44147502 | L6: =EA6+EV6 -> 3.3339505e+08 | M6: =FQ6 -> 3.4068354e+08 | N6: =SUM(H6:M6) -> 1.8205394e+09 | O6: =AS6 -> 1076200000 | Q6: =G6 -> Kr-85 | R6: =H6 -> 1076200000 | S6: =I6*(1-过滤效率!$B3) -> 1035491.8 | T6: =J6*(1-过滤效率!$B3) -> 25077855 | U6: =K6*(1-过滤效率!$B3) -> 44147502 | V6: =L6*(1-过滤效率!$B3) -> 3.3339505e+08 | W6: =M6*(1-过滤效率!$B3) -> 3.4068354e+08 | X6: =SUM(R6:W6) -> 1.8205394e+09 | Z6: =VLOOKUP(G6,衰变常数!$A$1:$H$3800,7,FALSE) -> 2.0420706e-09 | AA6: =正常源项!C3 -> 1.86e+15 | AB6: =正常源项!F3 -> 0 | AC6: =正常源项!I3 -> 46200000 | AD6: =正常源项!L3 -> 1030000000 | AJ6: 0.00066 | AK6: 5.457e-05 | AL6: =AA6*(AJ6-AK6)*0.00000209 -> 2353548.6 | AM6: =(0.00016*10%+0.00026*30%)/2*AA6 -> 87420000000 | AN6: =MAX(INDIRECT("'"&$B$2&"-事故进程'!Y"&(ROW()+22)),INDIRECT("'"&$B$2&"-事故进程'!Z"&(ROW()+22)),INDIRECT("'"&$B$2&"-事故进程'!AA"&(ROW()+22))) -> 6.0576651e-12 | AO6: =AA6*(EXP(-Z6*$C$12*3600)-EXP(-(Z6+AN6)*$C$12*3600)) -> 0 | AP6: =AA6*EXP(-Z6*$C$12*3600) -> 1.86e+15 | AQ6: =(AC6*$C$5+AD6*$C$8+AF6+AG6+AI6+(AL6+AM6)*$C$10)*EXP(-Z6*$C$12*3600)+AO6*$C$11 -> 1076200000 | AR6: =AQ6*(1-AR$3) -> 0 | AS6: =(AQ6-AR6)+AB6*EXP(-Z6*$C$12*3600) -> 1076200000 | AT6: =AS6*(1-AT$3) -> 0 | AU6: =AS6-AT6 -> 1076200000 | AV6: =AV$3*3600 -> 7200 | AW6: =AP6*EXP(-Z6*AW$3*3600) -> 1.86e+15 | AX6: =AR6 -> 0 | AY6: =AT6 -> 0 | AZ6: 0 | BA6: =MAX(INDIRECT("'"&$B$2&"-事故进程'!Y"&(ROW()+22)),INDIRECT("'"&$B$2&"-事故进程'!Z"&(ROW()+22))) -> 6.006338e-13 | BB6: =SUM(BA$3,-LN(1-BB$3)/AV6) -> 3.9201666e-05 | BC6: =BC$3/24/3600 -> 1.1574074e+15 | BD6: =EXP(-AV6*($Z6+BA6)) -> 0.99998529 | BE6: =EXP(-AV6*($Z6+BB6)) -> 0.75407255 | BF6: =EXP(-AV6*($Z6+BC6)) -> 0 | BG6: =AW6*BA6+AX6*(BA6-BB6) -> 1117.1789 | BH6: =(AW6*BB6*BA6/(BA6-BC6)+AX6*BB6)/(BB6-BC6)+AY6 -> 3.2692996e-32 | BI6: =IF(BB6=0,0,BB6/(BB6-BA6)) -> 1 | BJ6: =AW6*BD6 -> 1.8599726e+15 | BK6: =BA6/(BB6-BA6)*BJ6+(AX6-AW6*BA6/(BB6-BA6))*BE6 -> 7008082.9 | BL6: =BF6*BH6+BI6*(BE6*BG6/(BB6-BC6)-BJ6*BA6/(BA6-BC6)) -> 2.3736545e-13 | BM6: =(AW6+AX6+AY6+AZ6)*EXP(-$Z6*AV6)-BJ6-BK6-BL6 -> 1035486.6 | BN6: =AW6*BA6/($Z6+BA6)*(1-BD6) -> 8043628.7 | BO6: =BI6*(BN6-(1-BE6)*BG6/($Z6+BB6)) -> 1035491.8 | BP6: =BC6*(1-BF6)*BH6/($Z6+BC6)+BC6*BI6*((1-BE6)*BG6/($Z6+BB6)/(BB6-BC6)-BN6/(BA6-BC6)) -> 1035491.8 | BQ6: =BQ$3*3600 -> 21600 | BR6: =BJ6 -> 1.8599726e+15 | BS6: =BK6 -> 7008082.9 | BT6: =BL6 -> 2.3736545e-13 | BU6: =BM6 -> 1035486.6 | BV6: =MAX(INDIRECT("'"&$B$2&"-事故进程'!Z"&(ROW()+22)),INDIRECT("'"&$B$2&"-事故进程'!AA"&(ROW()+22))) -> 6.0576651e-12 | BW6: =SUM(BV$3,-LN(1-BW$3)/BQ6) -> 9.6791067e-06 | BX6: =BX$3/24/3600 -> 1.1574074e+15 | BY6: =EXP(-BQ6*($Z6+BV6)) -> 0.99995576 | BZ6: =EXP(-BQ6*($Z6+BW6)) -> 0.8113037 | CA6: =EXP(-BQ6*($Z6+BX6)) -> 0 | CB6: =BR6*BV6+BS6*(BV6-BW6) -> 11199.259 | CC6: =(BR6*BW6*BV6/(BV6-BX6)+BS6*BW6)/(BW6-BX6)+BT6 -> 1.7875861e-13 | CD6: =IF(BW6=0,0,BW6/(BW6-BV6)) -> 1.0000006 | CE6: =BR6*BY6 -> 1.8598904e+15 | CF6: =BV6/(BW6-BV6)*CE6+(BS6-BR6*BV6/(BW6-BV6))*BZ6 -> 2.2528873e+08 | CG6: =CA6*CC6+CD6*(BZ6*CB6/(BW6-BX6)-CE6*BV6/(BV6-BX6)) -> 1.8840329e-12 | CH6: =(BR6+BS6+BT6+BU6)*EXP(-$Z6*BQ6)-CE6-CF6-CG6 -> 26112910 | CI6: =BR6*BV6/($Z6+BV6)*(1-BY6) -> 2.4336379e+08 | CJ6: =CD6*(CI6-(1-BZ6)*CB6/($Z6+BW6)) -> 25077855 | CK6: =BX6*(1-CA6)*CC6/($Z6+BX6)+BX6*CD6*((1-BZ6)*CB6/($Z6+BW6)/(BW6-BX6)-CI6/(BV6-BX6)) -> 25077855 | CL6: =CL$3*3600 -> 57600 | CM6: =CE6 -> 1.8598904e+15 | CN6: =CF6 -> 2.2528873e+08 | CO6: =CG6 -> 1.8840329e-12 | CP6: =CH6 -> 26112910 | CQ6: =MAX(INDIRECT("'"&$B$2&"-事故进程'!AA"&(ROW()+22)),INDIRECT("'"&$B$2&"-事故进程'!AB"&(ROW()+22))) -> 1.042819e-11 | CR6: =SUM(CQ$3,-LN(1-CR$3)/CL6) -> 9.9942685e-07 | CS6: =CS$3/24/3600 -> 1.1574074e+15 | CT6: =EXP(-CL6*($Z6+CQ6)) -> 0.99988178 | CU6: =EXP(-CL6*($Z6+CR6)) -> 0.94394761 | CV6: =EXP(-CL6*($Z6+CS6)) -> 0 | CW6: =CM6*CQ6+CN6*(CQ6-CR6) -> 19170.132 | CX6: =(CM6*CR6*CQ6/(CQ6-CS6)+CN6*CR6)/(CR6-CS6)+CO6 -> 1.689495e-12 | CY6: =IF(CR6=0,0,CR6/(CR6-CQ6)) -> 1.0000104 | CZ6: =CM6*CT6 -> 1.8596705e+15 | DA6: =CQ6/(CR6-CQ6)*CZ6+(CN6-CM6*CQ6/(CR6-CQ6))*CU6 -> 1.2981537e+09 | DB6: =CV6*CX6+CY6*(CU6*CW6/(CR6-CS6)-CZ6*CQ6/(CQ6-CS6)) -> 1.1209619e-12 | DC6: =(CM6+CN6+CO6+CP6)*EXP(-$Z6*CL6)-CZ6-DA6-DB6 -> 70255350 | DD6: =CM6*CQ6/($Z6+CQ6)*(1-CT6) -> 1.1171027e+09 | DE6: =CY6*(DD6-(1-CU6)*CW6/($Z6+CR6)) -> 44147502 | DF6: =CS6*(1-CV6)*CX6/($Z6+CS6)+CS6*CY6*((1-CU6)*CW6/($Z6+CR6)/(CR6-CS6)-DD6/(CQ6-CS6)) -> 44147502 | DG6: =DG$3*3600 -> 86400 | DH6: =CZ6 -> 1.8596705e+15 | DI6: =DA6 -> 1.2981537e+09 | DJ6: =DB6 -> 1.1209619e-12 | DK6: =DC6 -> 70255350 | DL6: =MAX(INDIRECT("'"&$B$2&"-事故进程'!AB"&(ROW()+22)),INDIRECT("'"&$B$2&"-事故进程'!AC"&(ROW()+22))) -> 1.982257e-11 | DM6: =SUM(DL$3,-LN(1-DM$3)/DG6) -> 1.0781494e-06 | DN6: =DN$3/24/3600 -> 1.1574074e+15 | DO6: =EXP(-DG6*($Z6+DL6)) -> 0.99982187 | DP6: =EXP(-DG6*($Z6+DM6)) -> 0.91089418 | DQ6: =EXP(-DG6*($Z6+DN6)) -> 0 | DR6: =DH6*DL6+DI6*(DL6-DM6) -> 35463.87 | DS6: =(DH6*DM6*DL6/(DL6-DN6)+DI6*DM6)/(DM6-DN6)+DJ6 -> -8.8295575e-14 | DT6: =IF(DM6=0,0,DM6/(DM6-DL6)) -> 1.0000184 | DU6: =DH6*DO6 -> 1.8593392e+15 | DV6: =DL6/(DM6-DL6)*DU6+(DI6-DH6*DL6/(DM6-DL6))*DP6 -> 4.2230995e+09 | DW6: =DQ6*DS6+DT6*(DP6*DR6/(DM6-DN6)-DU6*DL6/(DL6-DN6)) -> 3.9339061e-12 | DX6: =(DH6+DI6+DJ6+DK6)*EXP(-$Z6*DG6)-DU6-DV6-DW6 -> 3.2950543e+08 | DY6: =DH6*DL6/($Z6+DL6)*(1-DO6) -> 3.1847182e+09 | DZ6: =DT6*(DY6-(1-DP6)*DR6/($Z6+DM6)) -> 2.5928134e+08 | EA6: =DN6*(1-DQ6)*DS6/($Z6+DN6)+DN6*DT6*((1-DP6)*DR6/($Z6+DM6)/(DM6-DN6)-DY6/(DL6-DN6)) -> 2.5928134e+08 | EB6: =EB$3*3600 -> 172800 | EC6: =DU6 -> 1.8593392e+15 | ED6: =DV6 -> 4.2230995e+09 | EE6: =DW6 -> 3.9339061e-12 | EF6: =DX6 -> 3.2950543e+08 | EG6: =MAX(INDIRECT("'"&$B$2&"-事故进程'!AC"&(ROW()+22)),INDIRECT("'"&$B$2&"-事故进程'!AD"&(ROW()+22)),INDIRECT("'"&$B$2&"-事故进程'!AE"&(ROW()+22))) -> 1.982257e-11 | EH6: =SUM(EG$3,-LN(1-EH$3)/EB6) -> 5.8161666e-08 | EI6: =EI$3/24/3600 -> 1.1574074e+15 | EJ6: =EXP(-EB6*($Z6+EG6)) -> 0.99964377 | EK6: =EXP(-EB6*($Z6+EH6)) -> 0.98965072 | EL6: =EXP(-EB6*($Z6+EI6)) -> 0 | EM6: =EC6*EG6+ED6*(EG6-EH6) -> 36611.343 | EN6: =(EC6*EH6*EG6/(EG6-EI6)+ED6*EH6)/(EH6-EI6)+EE6 -> 3.7216883e-12 | EO6: =IF(EH6=0,0,EH6/(EH6-EG6)) -> 1.0003409 | EP6: =EC6*EJ6 -> 1.8586769e+15 | EQ6: =EG6/(EH6-EG6)*EP6+(ED6-EC6*EG6/(EH6-EG6))*EK6 -> 1.0514118e+10 | ER6: =EL6*EN6+EO6*(EK6*EM6/(EH6-EI6)-EP6*EG6/(EG6-EI6)) -> 5.283521e-13 | ES6: =(EC6+ED6+EE6+EF6)*EXP(-$Z6*EB6)-EP6-EQ6-ER6 -> 4.0349167e+08 | ET6: =EC6*EG6/($Z6+EG6)*(1-EJ6) -> 6.3677346e+09 | EU6: =EO6*(ET6-(1-EK6)*EM6/($Z6+EH6)) -> 74113707 | EV6: =EI6*(1-EL6)*EN6/($Z6+EI6)+EI6*EO6*((1-EK6)*EM6/($Z6+EH6)/(EH6-EI6)-ET6/(EG6-EI6)) -> 74113707 | EW6: =EW$3*3600 -> 2246400 | EX6: =EP6 -> 1.8586769e+15 | EY6: =EQ6 -> 1.0514118e+10 | EZ6: =ER6 -> 5.283521e-13 | FA6: =ES6 -> 4.0349167e+08 | FB6: =INDIRECT("'"&$B$2&"-事故进程'!AE"&(ROW()+22)) -> 1.1309807e-11 | FC6: =SUM(FB$3,-LN(1-FC$3)/EW6) -> 4.4739743e-09 | FD6: =FD$3/24/3600 -> 1.1574074e+15 | FE6: =EXP(-EW6*($Z6+FB6)) -> 0.99539791 | FF6: =EXP(-EW6*($Z6+FC6)) -> 0.98546897 | FG6: =EXP(-EW6*($Z6+FD6)) -> 0 | FH6: =EX6*FB6+EY6*(FB6-FC6) -> 20974.356 | FI6: =(EX6*FC6*FB6/(FB6-FD6)+EY6*FC6)/(FC6-FD6)+EZ6 -> 4.8770963e-13 | FJ6: =IF(FC6=0,0,FC6/(FC6-FB6)) -> 1.0025343 | FK6: =EX6*FE6 -> 1.8501231e+15 | FL6: =FB6/(FC6-FB6)*FK6+(EY6-EX6*FB6/(FC6-FB6))*FF6 -> 5.7131389e+10 | FM6: =FG6*FI6+FJ6*(FF6*FH6/(FC6-FD6)-FK6*FB6/(FB6-FD6)) -> 2.2084217e-13 | FN6: =(EX6+EY6+EZ6+FA6)*EXP(-$Z6*EW6)-FK6-FL6-FM6 -> 7.4172699e+08 | FO6: =EX6*FB6/($Z6+FB6)*(1-FE6) -> 4.7113453e+10 | FP6: =FJ6*(FO6-(1-FF6)*FH6/($Z6+FC6)) -> 3.4068354e+08 | FQ6: =FD6*(1-FG6)*FI6/($Z6+FD6)+FD6*FJ6*((1-FF6)*FH6/($Z6+FC6)/(FC6-FD6)-FO6/(FB6-FD6)) -> 3.4068354e+08 | FR6: =G6 -> Kr-85 | FS6: 1710000000 | FT6: 34200000 | FU6: 98400000 | FV6: 246000000 | FW6: 2090000000 | FX6: =H6/FS6 -> 0.62935673 | FY6: =(I6+J6)/FT6 -> 0.76354816 | FZ6: =K6/FU6 -> 0.44865348 | GA6: =L6/FV6 -> 1.3552644 | GB6: =SUM(H6:L6)/FW6 -> 0.70806502 | GC6: =N6/FW6 -> 0.8710715 | GE6: 3.449124e+08 | GF6: 48589530 | GG6: 1.042765e+08 | GH6: 1.5043498e+08 | GI6: 2.8642091e+08 | GJ6: 1.5100694e+09 | GK6: 2.4447037e+09 | GL6: =H6/GE6 -> 3.1202126 | GM6: =(I6+J6)/GF6 -> 0.53742745 | GN6: =K6/GG6 -> 0.42336964 | GO6: =L6/(GH6+GI6) -> 0.76316939 | GP6: =M6/GJ6 -> 0.22560787 | GQ6: =N6/GK6 -> 0.74468715 | GR6: =Z6 -> 2.0420706e-09 | GS6: =LN(2)/GR6 -> 3.394335e+08
B7: 粉尘载带 | C7: 1 | D7: 倍失压 | E7: 1/500,碘10/500 | G7: Kr-85m | H7: =AU7 -> 19480000000 | I7: =BP7 -> 2.5313278e+09 | J7: =CK7 -> 8.1635532e+09 | K7: =DF7 -> 2.3190272e+09 | L7: =EA7+EV7 -> 8.5083555e+08 | M7: =FQ7 -> 308.22902 | N7: =SUM(H7:M7) -> 3.3344744e+10 | O7: =AS7 -> 19480000000 | Q7: =G7 -> Kr-85m | R7: =H7 -> 19480000000 | S7: =I7*(1-过滤效率!$B4) -> 2.5313278e+09 | T7: =J7*(1-过滤效率!$B4) -> 8.1635532e+09 | U7: =K7*(1-过滤效率!$B4) -> 2.3190272e+09 | V7: =L7*(1-过滤效率!$B4) -> 8.5083555e+08 | W7: =M7*(1-过滤效率!$B4) -> 308.22902 | X7: =SUM(R7:W7) -> 3.3344744e+10 | Z7: =VLOOKUP(G7,衰变常数!$A$1:$H$3800,7,FALSE) -> 4.2977876e-05 | AA7: =正常源项!C4 -> 6.59e+16 | AB7: =正常源项!F4 -> 0 | AC7: =正常源项!I4 -> 17900000000 | AD7: =正常源项!L4 -> 1580000000 | AL7: =AA7*0.0000007*0.000209 -> 9641170 | AM7: =(0.00016*2%+0.00026*2%)/2*AA7 -> 276780000000 | AN7: =MAX(INDIRECT("'"&$B$2&"-事故进程'!Y"&(ROW()+22)),INDIRECT("'"&$B$2&"-事故进程'!Z"&(ROW()+22)),INDIRECT("'"&$B$2&"-事故进程'!AA"&(ROW()+22))) -> 1.1028748e-10 | AO7: =AA7*(EXP(-Z7*$C$12*3600)-EXP(-(Z7+AN7)*$C$12*3600)) -> 0 | AP7: =AA7*EXP(-Z7*$C$12*3600) -> 6.59e+16 | AQ7: =(AC7*$C$5+AD7*$C$8+AF7+AG7+AI7+(AL7+AM7)*$C$10)*EXP(-Z7*$C$12*3600)+AO7*$C$11 -> 19480000000 | AR7: =AQ7*(1-AR$3) -> 0 | AS7: =(AQ7-AR7)+AB7*EXP(-Z7*$C$12*3600) -> 19480000000 | AT7: =AS7*(1-AT$3) -> 0 | AU7: =AS7-AT7 -> 19480000000 | AV7: =AV$3*3600 -> 7200 | AW7: =AP7*EXP(-Z7*AW$3*3600) -> 6.59e+16 | AX7: =AR7 -> 0 | AY7: =AT7 -> 0 | AZ7: 0 | BA7: =MAX(INDIRECT("'"&$B$2&"-事故进程'!Y"&(ROW()+22)),INDIRECT("'"&$B$2&"-事故进程'!Z"&(ROW()+22))) -> 5.0676037e-11 | BB7: =SUM(BA$3,-LN(1-BB$3)/AV7) -> 3.9201666e-05 | BC7: =BC$3/24/3600 -> 1.1574074e+15 | BD7: =EXP(-AV7*($Z7+BA7)) -> 0.73385702 | BE7: =EXP(-AV7*($Z7+BB7)) -> 0.55338977 | BF7: =EXP(-AV7*($Z7+BC7)) -> 0 | BG7: =AW7*BA7+AX7*(BA7-BB7) -> 3339550.8 | BH7: =(AW7*BB7*BA7/(BA7-BC7)+AX7*BB7)/(BB7-BC7)+AY7 -> 9.7728238e-29 | BI7: =IF(BB7=0,0,BB7/(BB7-BA7)) -> 1.0000013 | BJ7: =AW7*BD7 -> 4.8361177e+16 | BK7: =BA7/(BB7-BA7)*BJ7+(AX7-AW7*BA7/(BB7-BA7))*BE7 -> 1.5373845e+10 | BL7: =BF7*BH7+BI7*(BE7*BG7/(BB7-BC7)-BJ7*BA7/(BA7-BC7)) -> 5.207158e-10 | BM7: =(AW7+AX7+AY7+AZ7)*EXP(-$Z7*AV7)-BJ7-BK7-BL7 -> 2.2715787e+09 | BN7: =AW7*BA7/($Z7+BA7)*(1-BD7) -> 2.0680337e+10 | BO7: =BI7*(BN7-(1-BE7)*BG7/($Z7+BB7)) -> 2.5313278e+09 | BP7: =BC7*(1-BF7)*BH7/($Z7+BC7)+BC7*BI7*((1-BE7)*BG7/($Z7+BB7)/(BB7-BC7)-BN7/(BA7-BC7)) -> 2.5313278e+09 | BQ7: =BQ$3*3600 -> 21600 | BR7: =BJ7 -> 4.8361177e+16 | BS7: =BK7 -> 1.5373845e+10 | BT7: =BL7 -> 5.207158e-10 | BU7: =BM7 -> 2.2715787e+09 | BV7: =MAX(INDIRECT("'"&$B$2&"-事故进程'!Z"&(ROW()+22)),INDIRECT("'"&$B$2&"-事故进程'!AA"&(ROW()+22))) -> 1.1028748e-10 | BW7: =SUM(BV$3,-LN(1-BW$3)/BQ7) -> 9.6791067e-06 | BX7: =BX$3/24/3600 -> 1.1574074e+15 | BY7: =EXP(-BQ7*($Z7+BV7)) -> 0.39521534 | BZ7: =EXP(-BQ7*($Z7+BW7)) -> 0.32065458 | CA7: =EXP(-BQ7*($Z7+BX7)) -> 0 | CB7: =BR7*BV7+BS7*(BV7-BW7) -> 5184828.8 | CC7: =(BR7*BW7*BV7/(BV7-BX7)+BS7*BW7)/(BW7-BX7)+BT7 -> 3.9214821e-10 | CD7: =IF(BW7=0,0,BW7/(BW7-BV7)) -> 1.0000114 | CE7: =BR7*BY7 -> 1.9113079e+16 | CF7: =BV7/(BW7-BV7)*CE7+(BS7-BR7*BV7/(BW7-BV7))*BZ7 -> 4.6016566e+10 | CG7: =CA7*CC7+CD7*(BZ7*CB7/(BW7-BX7)-CE7*BV7/(BV7-BX7)) -> 3.8482496e-10 | CH7: =(BR7+BS7+BT7+BU7)*EXP(-$Z7*BQ7)-CE7-CF7-CG7 -> 6.4886055e+09 | CI7: =BR7*BV7/($Z7+BV7)*(1-BY7) -> 7.5054679e+10 | CJ7: =CD7*(CI7-(1-BZ7)*CB7/($Z7+BW7)) -> 8.1635532e+09 | CK7: =BX7*(1-CA7)*CC7/($Z7+BX7)+BX7*CD7*((1-BZ7)*CB7/($Z7+BW7)/(BW7-BX7)-CI7/(BV7-BX7)) -> 8.1635532e+09 | CL7: =CL$3*3600 -> 57600 | CM7: =CE7 -> 1.9113079e+16 | CN7: =CF7 -> 4.6016566e+10 | CO7: =CG7 -> 3.8482496e-10 | CP7: =CH7 -> 6.4886055e+09 | CQ7: =MAX(INDIRECT("'"&$B$2&"-事故进程'!AA"&(ROW()+22)),INDIRECT("'"&$B$2&"-事故进程'!AB"&(ROW()+22))) -> 1.8807965e-10 | CR7: =SUM(CQ$3,-LN(1-CR$3)/CL7) -> 9.9942685e-07 | CS7: =CS$3/24/3600 -> 1.1574074e+15 | CT7: =EXP(-CL7*($Z7+CQ7)) -> 0.084117851 | CU7: =EXP(-CL7*($Z7+CR7)) -> 0.079413045 | CV7: =EXP(-CL7*($Z7+CS7)) -> 0 | CW7: =CM7*CQ7+CN7*(CQ7-CR7) -> 3548799.7 | CX7: =(CM7*CR7*CQ7/(CQ7-CS7)+CN7*CR7)/(CR7-CS7)+CO7 -> 3.4508943e-10 | CY7: =IF(CR7=0,0,CR7/(CR7-CQ7)) -> 1.0001882 | CZ7: =CM7*CT7 -> 1.6077511e+15 | DA7: =CQ7/(CR7-CQ7)*CZ7+(CN7-CM7*CQ7/(CR7-CQ7))*CU7 -> 2.0579948e+10 | DB7: =CV7*CX7+CY7*(CU7*CW7/(CR7-CS7)-CZ7*CQ7/(CQ7-CS7)) -> 1.7770884e-11 | DC7: =(CM7+CN7+CO7+CP7)*EXP(-$Z7*CL7)-CZ7-DA7-DB7 -> 1.2542081e+09 | DD7: =CM7*CQ7/($Z7+CQ7)*(1-CT7) -> 7.6606427e+10 | DE7: =CY7*(DD7-(1-CU7)*CW7/($Z7+CR7)) -> 2.3190272e+09 | DF7: =CS7*(1-CV7)*CX7/($Z7+CS7)+CS7*CY7*((1-CU7)*CW7/($Z7+CR7)/(CR7-CS7)-DD7/(CQ7-CS7)) -> 2.3190272e+09 | DG7: =DG$3*3600 -> 86400 | DH7: =CZ7 -> 1.6077511e+15 | DI7: =DA7 -> 2.0579948e+10 | DJ7: =DB7 -> 1.7770884e-11 | DK7: =DC7 -> 1.2542081e+09 | DL7: =MAX(INDIRECT("'"&$B$2&"-事故进程'!AB"&(ROW()+22)),INDIRECT("'"&$B$2&"-事故进程'!AC"&(ROW()+22))) -> 4.3655438e-10 | DM7: =SUM(DL$3,-LN(1-DM$3)/DG7) -> 1.0781494e-06 | DN7: =DN$3/24/3600 -> 1.1574074e+15 | DO7: =EXP(-DG7*($Z7+DL7)) -> 0.024396242 | DP7: =EXP(-DG7*($Z7+DM7)) -> 0.022227154 | DQ7: =EXP(-DG7*($Z7+DN7)) -> 0 | DR7: =DH7*DL7+DI7*(DL7-DM7) -> 679691.52 | DS7: =(DH7*DM7*DL7/(DL7-DN7)+DI7*DM7)/(DM7-DN7)+DJ7 -> -1.3997713e-12 | DT7: =IF(DM7=0,0,DM7/(DM7-DL7)) -> 1.0004051 | DU7: =DH7*DO7 -> 3.9223085e+13 | DV7: =DL7/(DM7-DL7)*DU7+(DI7-DH7*DL7/(DM7-DL7))*DP7 -> 1.8700727e+09 | DW7: =DQ7*DS7+DT7*(DP7*DR7/(DM7-DN7)-DU7*DL7/(DL7-DN7)) -> 1.7420121e-12 | DX7: =(DH7+DI7+DJ7+DK7)*EXP(-$Z7*DG7)-DU7-DV7-DW7 -> 1.4207469e+08 | DY7: =DH7*DL7/($Z7+DL7)*(1-DO7) -> 1.5932403e+10 | DZ7: =DT7*(DY7-(1-DP7)*DR7/($Z7+DM7)) -> 8.4777396e+08 | EA7: =DN7*(1-DQ7)*DS7/($Z7+DN7)+DN7*DT7*((1-DP7)*DR7/($Z7+DM7)/(DM7-DN7)-DY7/(DL7-DN7)) -> 8.4777396e+08 | EB7: =EB$3*3600 -> 172800 | EC7: =DU7 -> 3.9223085e+13 | ED7: =DV7 -> 1.8700727e+09 | EE7: =DW7 -> 1.7420121e-12 | EF7: =DX7 -> 1.4207469e+08 | EG7: =MAX(INDIRECT("'"&$B$2&"-事故进程'!AC"&(ROW()+22)),INDIRECT("'"&$B$2&"-事故进程'!AD"&(ROW()+22)),INDIRECT("'"&$B$2&"-事故进程'!AE"&(ROW()+22))) -> 4.3655438e-10 | EH7: =SUM(EG$3,-LN(1-EH$3)/EB7) -> 5.8161666e-08 | EI7: =EI$3/24/3600 -> 1.1574074e+15 | EJ7: =EXP(-EB7*($Z7+EG7)) -> 0.00059517661 | EK7: =EXP(-EB7*($Z7+EH7)) -> 0.0005892693 | EL7: =EXP(-EB7*($Z7+EI7)) -> 0 | EM7: =EC7*EG7+ED7*(EG7-EH7) -> 17015.059 | EN7: =(EC7*EH7*EG7/(EG7-EI7)+ED7*EH7)/(EH7-EI7)+EE7 -> 1.6480378e-12 | EO7: =IF(EH7=0,0,EH7/(EH7-EG7)) -> 1.0075626 | EP7: =EC7*EJ7 -> 2.3344663e+10 | EQ7: =EG7/(EH7-EG7)*EP7+(ED7-EC7*EG7/(EH7-EG7))*EK7 -> 2854264.4 | ER7: =EL7*EN7+EO7*(EK7*EM7/(EH7-EI7)-EP7*EG7/(EG7-EI7)) -> 1.4343158e-16 | ES7: =(EC7+ED7+EE7+EF7)*EXP(-$Z7*EB7)-EP7-EQ7-ER7 -> 104517.39 | ET7: =EC7*EG7/($Z7+EG7)*(1-EJ7) -> 3.9817335e+08 | EU7: =EO7*(ET7-(1-EK7)*EM7/($Z7+EH7)) -> 3061596 | EV7: =EI7*(1-EL7)*EN7/($Z7+EI7)+EI7*EO7*((1-EK7)*EM7/($Z7+EH7)/(EH7-EI7)-ET7/(EG7-EI7)) -> 3061596 | EW7: =EW$3*3600 -> 2246400 | EX7: =EP7 -> 2.3344663e+10 | EY7: =EQ7 -> 2854264.4 | EZ7: =ER7 -> 1.4343158e-16 | FA7: =ES7 -> 104517.39 | FB7: =INDIRECT("'"&$B$2&"-事故进程'!AE"&(ROW()+22)) -> 1.9690179e-10 | FC7: =SUM(FB$3,-LN(1-FC$3)/EW7) -> 4.4739743e-09 | FD7: =FD$3/24/3600 -> 1.1574074e+15 | FE7: =EXP(-EW7*($Z7+FB7)) -> 1.176603e-42 | FF7: =EXP(-EW7*($Z7+FC7)) -> 1.1653523e-42 | FG7: =EXP(-EW7*($Z7+FD7)) -> 0 | FH7: =EX7*FB7+EY7*(FB7-FC7) -> 4.584398 | FI7: =(EX7*FC7*FB7/(FB7-FD7)+EY7*FC7)/(FC7-FD7)+EZ7 -> 1.3239838e-16 | FJ7: =IF(FC7=0,0,FC7/(FC7-FB7)) -> 1.0460366 | FK7: =EX7*FE7 -> 2.74674e-32 | FL7: =FB7/(FC7-FB7)*FK7+(EY7-EX7*FB7/(FC7-FB7))*FF7 -> 1.5417429e-35 | FM7: =FG7*FI7+FJ7*(FF7*FH7/(FC7-FD7)-FK7*FB7/(FB7-FD7)) -> 5.9596286e-59 | FN7: =(EX7+EY7+EZ7+FA7)*EXP(-$Z7*EW7)-FK7-FL7-FM7 -> 2.1749471e-37 | FO7: =EX7*FB7/($Z7+FB7)*(1-FE7) -> 106952.35 | FP7: =FJ7*(FO7-(1-FF7)*FH7/($Z7+FC7)) -> 308.22902 | FQ7: =FD7*(1-FG7)*FI7/($Z7+FD7)+FD7*FJ7*((1-FF7)*FH7/($Z7+FC7)/(FC7-FD7)-FO7/(FB7-FD7)) -> 308.22902 | FR7: =G7 -> Kr-85m | FS7: 25800000000 | FT7: 10200000000 | FU7: 5430000000 | FV7: 383000000 | FW7: 41900000000 | FX7: =H7/FS7 -> 0.75503876 | FY7: =(I7+J7)/FT7 -> 1.0485177 | FZ7: =K7/FU7 -> 0.42707683 | GA7: =L7/FV7 -> 2.2215028 | GB7: =SUM(H7:L7)/FW7 -> 0.79581727 | GC7: =N7/FW7 -> 0.79581728 | GE7: 5.2597438e+09 | GF7: 9.7654612e+08 | GG7: 6.2252345e+08 | GH7: 64174601 | GI7: 3576578.1 | GJ7: 836.70264 | GK7: 6.9265653e+09 | GL7: =H7/GE7 -> 3.7036025 | GM7: =(I7+J7)/GF7 -> 10.951742 | GN7: =K7/GG7 -> 3.7252045 | GO7: =L7/(GH7+GI7) -> 12.55824 | GP7: =M7/GJ7 -> 0.36838538 | GQ7: =N7/GK7 -> 4.8140373 | GR7: =Z7 -> 4.2977876e-05 | GS7: =LN(2)/GR7 -> 16128
B8: 氦净化解吸 | C8: 1 | D8: 份额 | G8: Kr-87 | H8: =AU8 -> 19967000000 | I8: =BP8 -> 5.6912477e+09 | J8: =CK8 -> 4.5018491e+09 | K8: =DF8 -> 73606717 | L8: =EA8+EV8 -> 55986.866 | M8: =FQ8 -> 1.6871019e-14 | N8: =SUM(H8:M8) -> 3.023376e+10 | O8: =AS8 -> 19967000000 | Q8: =G8 -> Kr-87 | R8: =H8 -> 19967000000 | S8: =I8*(1-过滤效率!$B5) -> 5.6912477e+09 | T8: =J8*(1-过滤效率!$B5) -> 4.5018491e+09 | U8: =K8*(1-过滤效率!$B5) -> 73606717 | V8: =L8*(1-过滤效率!$B5) -> 55986.866 | W8: =M8*(1-过滤效率!$B5) -> 1.6871019e-14 | X8: =SUM(R8:W8) -> 3.023376e+10 | Z8: =VLOOKUP(G8,衰变常数!$A$1:$H$3800,7,FALSE) -> 0.0001514083 | AA8: =正常源项!C5 -> 1.29e+17 | AB8: =正常源项!F5 -> 0 | AC8: =正常源项!I5 -> 19400000000 | AD8: =正常源项!L5 -> 567000000 | AL8: =AA8*0.0000007*0.000209 -> 18872700 | AM8: =(0.00016*2%+0.00026*2%)/2*AA8 -> 541800000000 | AN8: =MAX(INDIRECT("'"&$B$2&"-事故进程'!Y"&(ROW()+22)),INDIRECT("'"&$B$2&"-事故进程'!Z"&(ROW()+22)),INDIRECT("'"&$B$2&"-事故进程'!AA"&(ROW()+22))) -> 2.0568603e-10 | AO8: =AA8*(EXP(-Z8*$C$12*3600)-EXP(-(Z8+AN8)*$C$12*3600)) -> 0 | AP8: =AA8*EXP(-Z8*$C$12*3600) -> 1.29e+17 | AQ8: =(AC8*$C$5+AD8*$C$8+AF8+AG8+AI8+(AL8+AM8)*$C$10)*EXP(-Z8*$C$12*3600)+AO8*$C$11 -> 19967000000 | AR8: =AQ8*(1-AR$3) -> 0 | AS8: =(AQ8-AR8)+AB8*EXP(-Z8*$C$12*3600) -> 19967000000 | AT8: =AS8*(1-AT$3) -> 0 | AU8: =AS8-AT8 -> 19967000000 | AV8: =AV$3*3600 -> 7200 | AW8: =AP8*EXP(-Z8*AW$3*3600) -> 1.29e+17 | AX8: =AR8 -> 0 | AY8: =AT8 -> 0 | AZ8: 0 | BA8: =MAX(INDIRECT("'"&$B$2&"-事故进程'!Y"&(ROW()+22)),INDIRECT("'"&$B$2&"-事故进程'!Z"&(ROW()+22))) -> 9.4270005e-11 | BB8: =SUM(BA$3,-LN(1-BB$3)/AV8) -> 3.9201666e-05 | BC8: =BC$3/24/3600 -> 1.1574074e+15 | BD8: =EXP(-AV8*($Z8+BA8)) -> 0.33616929 | BE8: =EXP(-AV8*($Z8+BB8)) -> 0.25349993 | BF8: =EXP(-AV8*($Z8+BC8)) -> 0 | BG8: =AW8*BA8+AX8*(BA8-BB8) -> 12160831 | BH8: =(AW8*BB8*BA8/(BA8-BC8)+AX8*BB8)/(BB8-BC8)+AY8 -> 3.5587317e-28 | BI8: =IF(BB8=0,0,BB8/(BB8-BA8)) -> 1.0000024 | BJ8: =AW8*BD8 -> 4.3365838e+16 | BK8: =BA8/(BB8-BA8)*BJ8+(AX8-AW8*BA8/(BB8-BA8))*BE8 -> 2.5645096e+10 | BL8: =BF8*BH8+BI8*(BE8*BG8/(BB8-BC8)-BJ8*BA8/(BA8-BC8)) -> 8.6860553e-10 | BM8: =(AW8+AX8+AY8+AZ8)*EXP(-$Z8*AV8)-BJ8-BK8-BL8 -> 3.7892185e+09 | BN8: =AW8*BA8/($Z8+BA8)*(1-BD8) -> 5.3317606e+10 | BO8: =BI8*(BN8-(1-BE8)*BG8/($Z8+BB8)) -> 5.6912477e+09 | BP8: =BC8*(1-BF8)*BH8/($Z8+BC8)+BC8*BI8*((1-BE8)*BG8/($Z8+BB8)/(BB8-BC8)-BN8/(BA8-BC8)) -> 5.6912477e+09 | BQ8: =BQ$3*3600 -> 21600 | BR8: =BJ8 -> 4.3365838e+16 | BS8: =BK8 -> 2.5645096e+10 | BT8: =BL8 -> 8.6860553e-10 | BU8: =BM8 -> 3.7892185e+09 | BV8: =MAX(INDIRECT("'"&$B$2&"-事故进程'!Z"&(ROW()+22)),INDIRECT("'"&$B$2&"-事故进程'!AA"&(ROW()+22))) -> 2.0568603e-10 | BW8: =SUM(BV$3,-LN(1-BW$3)/BQ8) -> 9.6791067e-06 | BX8: =BX$3/24/3600 -> 1.1574074e+15 | BY8: =EXP(-BQ8*($Z8+BV8)) -> 0.037990329 | BZ8: =EXP(-BQ8*($Z8+BW8)) -> 0.030823191 | CA8: =EXP(-BQ8*($Z8+BX8)) -> 0 | CB8: =BR8*BV8+BS8*(BV8-BW8) -> 8671530.6 | CC8: =(BR8*BW8*BV8/(BV8-BX8)+BS8*BW8)/(BW8-BX8)+BT8 -> 6.5414205e-10 | CD8: =IF(BW8=0,0,BW8/(BW8-BV8)) -> 1.0000213 | CE8: =BR8*BY8 -> 1.6474825e+15 | CF8: =BV8/(BW8-BV8)*CE8+(BS8-BR8*BV8/(BW8-BV8))*BZ8 -> 7.3954549e+09 | CG8: =CA8*CC8+CD8*(BZ8*CB8/(BW8-BX8)-CE8*BV8/(BV8-BX8)) -> 6.1846327e-11 | CH8: =(BR8+BS8+BT8+BU8)*EXP(-$Z8*BQ8)-CE8-CF8-CG8 -> 1.0422506e+09 | CI8: =BR8*BV8/($Z8+BV8)*(1-BY8) -> 5.6673718e+10 | CJ8: =CD8*(CI8-(1-BZ8)*CB8/($Z8+BW8)) -> 4.5018491e+09 | CK8: =BX8*(1-CA8)*CC8/($Z8+BX8)+BX8*CD8*((1-BZ8)*CB8/($Z8+BW8)/(BW8-BX8)-CI8/(BV8-BX8)) -> 4.5018491e+09 | CL8: =CL$3*3600 -> 57600 | CM8: =CE8 -> 1.6474825e+15 | CN8: =CF8 -> 7.3954549e+09 | CO8: =CG8 -> 6.1846327e-11 | CP8: =CH8 -> 1.0422506e+09 | CQ8: =MAX(INDIRECT("'"&$B$2&"-事故进程'!AA"&(ROW()+22)),INDIRECT("'"&$B$2&"-事故进程'!AB"&(ROW()+22))) -> 3.525656e-10 | CR8: =SUM(CQ$3,-LN(1-CR$3)/CL8) -> 9.9942685e-07 | CS8: =CS$3/24/3600 -> 1.1574074e+15 | CT8: =EXP(-CL8*($Z8+CQ8)) -> 0.00016310145 | CU8: =EXP(-CL8*($Z8+CR8)) -> 0.00015398046 | CV8: =EXP(-CL8*($Z8+CS8)) -> 0 | CW8: =CM8*CQ8+CN8*(CQ8-CR8) -> 573457.04 | CX8: =(CM8*CR8*CQ8/(CQ8-CS8)+CN8*CR8)/(CR8-CS8)+CO8 -> 5.5460317e-11 | CY8: =IF(CR8=0,0,CR8/(CR8-CQ8)) -> 1.0003529 | CZ8: =CM8*CT8 -> 2.6870678e+11 | DA8: =CQ8/(CR8-CQ8)*CZ8+(CN8-CM8*CQ8/(CR8-CQ8))*CU8 -> 6441550.8 | DB8: =CV8*CX8+CY8*(CU8*CW8/(CR8-CS8)-CZ8*CQ8/(CQ8-CS8)) -> 5.56231e-15 | DC8: =(CM8+CN8+CO8+CP8)*EXP(-$Z8*CL8)-CZ8-DA8-DB8 -> 391572.25 | DD8: =CM8*CQ8/($Z8+CQ8)*(1-CT8) -> 3.8356521e+09 | DE8: =CY8*(DD8-(1-CU8)*CW8/($Z8+CR8)) -> 73606717 | DF8: =CS8*(1-CV8)*CX8/($Z8+CS8)+CS8*CY8*((1-CU8)*CW8/($Z8+CR8)/(CR8-CS8)-DD8/(CQ8-CS8)) -> 73606717 | DG8: =DG$3*3600 -> 86400 | DH8: =CZ8 -> 2.6870678e+11 | DI8: =DA8 -> 6441550.8 | DJ8: =DB8 -> 5.56231e-15 | DK8: =DC8 -> 391572.25 | DL8: =MAX(INDIRECT("'"&$B$2&"-事故进程'!AB"&(ROW()+22)),INDIRECT("'"&$B$2&"-事故进程'!AC"&(ROW()+22))) -> 8.3220445e-10 | DM8: =SUM(DL$3,-LN(1-DM$3)/DG8) -> 1.0781494e-06 | DN8: =DN$3/24/3600 -> 1.1574074e+15 | DO8: =EXP(-DG8*($Z8+DL8)) -> 2.0829015e-06 | DP8: =EXP(-DG8*($Z8+DM8)) -> 1.8977741e-06 | DQ8: =EXP(-DG8*($Z8+DN8)) -> 0 | DR8: =DH8*DL8+DI8*(DL8-DM8) -> 216.67938 | DS8: =(DH8*DM8*DL8/(DL8-DN8)+DI8*DM8)/(DM8-DN8)+DJ8 -> -4.3813028e-16 | DT8: =IF(DM8=0,0,DM8/(DM8-DL8)) -> 1.0007725 | DU8: =DH8*DO8 -> 559689.73 | DV8: =DL8/(DM8-DL8)*DU8+(DI8-DH8*DL8/(DM8-DL8))*DP8 -> 50.651546 | DW8: =DQ8*DS8+DT8*(DP8*DR8/(DM8-DN8)-DU8*DL8/(DL8-DN8)) -> 4.7182982e-20 | DX8: =(DH8+DI8+DJ8+DK8)*EXP(-$Z8*DG8)-DU8-DV8-DW8 -> 3.8267178 | DY8: =DH8*DL8/($Z8+DL8)*(1-DO8) -> 1476915.6 | DZ8: =DT8*(DY8-(1-DP8)*DR8/($Z8+DM8)) -> 55986.846 | EA8: =DN8*(1-DQ8)*DS8/($Z8+DN8)+DN8*DT8*((1-DP8)*DR8/($Z8+DM8)/(DM8-DN8)-DY8/(DL8-DN8)) -> 55986.846 | EB8: =EB$3*3600 -> 172800 | EC8: =DU8 -> 559689.73 | ED8: =DV8 -> 50.651546 | EE8: =DW8 -> 4.7182982e-20 | EF8: =DX8 -> 3.8267178 | EG8: =MAX(INDIRECT("'"&$B$2&"-事故进程'!AC"&(ROW()+22)),INDIRECT("'"&$B$2&"-事故进程'!AD"&(ROW()+22)),INDIRECT("'"&$B$2&"-事故进程'!AE"&(ROW()+22))) -> 8.3220445e-10 | EH8: =SUM(EG$3,-LN(1-EH$3)/EB8) -> 5.8161666e-08 | EI8: =EI$3/24/3600 -> 1.1574074e+15 | EJ8: =EXP(-EB8*($Z8+EG8)) -> 4.3384785e-12 | EK8: =EXP(-EB8*($Z8+EH8)) -> 4.2957114e-12 | EL8: =EXP(-EB8*($Z8+EI8)) -> 0 | EM8: =EC8*EG8+ED8*(EG8-EH8) -> 0.00046287246 | EN8: =(EC8*EH8*EG8/(EG8-EI8)+ED8*EH8)/(EH8-EI8)+EE8 -> 4.4637657e-20 | EO8: =IF(EH8=0,0,EH8/(EH8-EG8)) -> 1.0145162 | EP8: =EC8*EJ8 -> 2.4282019e-06 | EQ8: =EG8/(EH8-EG8)*EP8+(ED8-EC8*EG8/(EH8-EG8))*EK8 -> 5.650479e-10 | ER8: =EL8*EN8+EO8*(EK8*EM8/(EH8-EI8)-EP8*EG8/(EG8-EI8)) -> 2.8394606e-32 | ES8: =(EC8+ED8+EE8+EF8)*EXP(-$Z8*EB8)-EP8-EQ8-ER8 -> 2.0551372e-11 | ET8: =EC8*EG8/($Z8+EG8)*(1-EJ8) -> 3.0762761 | EU8: =EO8*(ET8-(1-EK8)*EM8/($Z8+EH8)) -> 0.020630968 | EV8: =EI8*(1-EL8)*EN8/($Z8+EI8)+EI8*EO8*((1-EK8)*EM8/($Z8+EH8)/(EH8-EI8)-ET8/(EG8-EI8)) -> 0.020630968 | EW8: =EW$3*3600 -> 2246400 | EX8: =EP8 -> 2.4282019e-06 | EY8: =EQ8 -> 5.650479e-10 | EZ8: =ER8 -> 2.8394606e-32 | FA8: =ES8 -> 2.0551372e-11 | FB8: =INDIRECT("'"&$B$2&"-事故进程'!AE"&(ROW()+22)) -> 3.69025e-10 | FC8: =SUM(FB$3,-LN(1-FC$3)/EW8) -> 4.4739743e-09 | FD8: =FD$3/24/3600 -> 1.1574074e+15 | FE8: =EXP(-EW8*($Z8+FB8)) -> 1.9312509e-148 | FF8: =EXP(-EW8*($Z8+FC8)) -> 1.913524e-148 | FG8: =EXP(-EW8*($Z8+FD8)) -> 0 | FH8: =EX8*FB8+EY8*(FB8-FC8) -> 8.9374771e-16 | FI8: =(EX8*FC8*FB8/(FB8-FD8)+EY8*FC8)/(FC8-FD8)+EZ8 -> 2.6210405e-32 | FJ8: =IF(FC8=0,0,FC8/(FC8-FB8)) -> 1.0898976 | FK8: =EX8*FE8 -> 4.689467e-154 | FL8: =FB8/(FC8-FB8)*FK8+(EY8-EX8*FB8/(FC8-FB8))*FF8 -> 4.9508278e-157 | FM8: =FG8*FI8+FJ8*(FF8*FH8/(FC8-FD8)-FK8*FB8/(FB8-FD8)) -> 1.9137493e-180 | FN8: =(EX8+EY8+EZ8+FA8)*EXP(-$Z8*EW8)-FK8-FL8-FM8 -> 7.0124952e-159 | FO8: =EX8*FB8/($Z8+FB8)*(1-FE8) -> 5.9182029e-12 | FP8: =FJ8*(FO8-(1-FF8)*FH8/($Z8+FC8)) -> 1.6871019e-14 | FQ8: =FD8*(1-FG8)*FI8/($Z8+FD8)+FD8*FJ8*((1-FF8)*FH8/($Z8+FC8)/(FC8-FD8)-FO8/(FB8-FD8)) -> 1.6871019e-14 | FR8: =G8 -> Kr-87 | FS8: 27500000000 | FT8: 14800000000 | FU8: 275000000 | FV8: 35400 | FW8: 42600000000 | FX8: =H8/FS8 -> 0.72607273 | FY8: =(I8+J8)/FT8 -> 0.68872276 | FZ8: =K8/FU8 -> 0.26766079 | GA8: =L8/FV8 -> 1.5815499 | GB8: =SUM(H8:L8)/FW8 -> 0.70971266 | GC8: =N8/FW8 -> 0.70971266 | GE8: 5.5694728e+09 | GF8: 5.0108453e+08 | GG8: 11010572 | GH8: 2147.8838 | GI8: 0.34385737 | GJ8: 1.8227356e-14 | GK8: 6.08157e+09 | GL8: =H8/GE8 -> 3.585079 | GM8: =(I8+J8)/GF8 -> 20.342071 | GN8: =K8/GG8 -> 6.6850948 | GO8: =L8/(GH8+GI8) -> 26.061887 | GP8: =M8/GJ8 -> 0.92558784 | GQ8: =N8/GK8 -> 4.9713741 | GR8: =Z8 -> 0.0001514083 | GS8: =LN(2)/GR8 -> 4578
B9: 沉积冲刷 | C9: 0 | D9: 份额 | E9: 进水类 | G9: Kr-88 | H9: =AU9 -> 43890000000 | I9: =BP9 -> 8.0813204e+09 | J9: =CK9 -> 1.8302729e+10 | K9: =DF9 -> 2.3708466e+09 | L9: =EA9+EV9 -> 2.0246535e+08 | M9: =FQ9 -> 0.13118514 | N9: =SUM(H9:M9) -> 7.2847361e+10 | O9: =AS9 -> 43890000000 | Q9: =G9 -> Kr-88 | R9: =H9 -> 43890000000 | S9: =I9*(1-过滤效率!$B6) -> 8.0813204e+09 | T9: =J9*(1-过滤效率!$B6) -> 1.8302729e+10 | U9: =K9*(1-过滤效率!$B6) -> 2.3708466e+09 | V9: =L9*(1-过滤效率!$B6) -> 2.0246535e+08 | W9: =M9*(1-过滤效率!$B6) -> 0.13118514 | X9: =SUM(R9:W9) -> 7.2847361e+10 | Z9: =VLOOKUP(G9,衰变常数!$A$1:$H$3800,7,FALSE) -> 6.7796086e-05 | AA9: =正常源项!C6 -> 1.88e+17 | AB9: =正常源项!F6 -> 0 | AC9: =正常源项!I6 -> 41500000000 | AD9: =正常源项!L6 -> 2390000000 | AL9: =AA9*0.0000007*0.000209 -> 27504400 | AM9: =(0.00016*2%+0.00026*2%)/2*AA9 -> 789600000000 | AN9: =MAX(INDIRECT("'"&$B$2&"-事故进程'!Y"&(ROW()+22)),INDIRECT("'"&$B$2&"-事故进程'!Z"&(ROW()+22)),INDIRECT("'"&$B$2&"-事故进程'!AA"&(ROW()+22))) -> 1.3842607e-10 | AO9: =AA9*(EXP(-Z9*$C$12*3600)-EXP(-(Z9+AN9)*$C$12*3600)) -> 0 | AP9: =AA9*EXP(-Z9*$C$12*3600) -> 1.88e+17 | AQ9: =(AC9*$C$5+AD9*$C$8+AF9+AG9+AI9+(AL9+AM9)*$C$10)*EXP(-Z9*$C$12*3600)+AO9*$C$11 -> 43890000000 | AR9: =AQ9*(1-AR$3) -> 0 | AS9: =(AQ9-AR9)+AB9*EXP(-Z9*$C$12*3600) -> 43890000000 | AT9: =AS9*(1-AT$3) -> 0 | AU9: =AS9-AT9 -> 43890000000 | AV9: =AV$3*3600 -> 7200 | AW9: =AP9*EXP(-Z9*AW$3*3600) -> 1.88e+17 | AX9: =AR9 -> 0 | AY9: =AT9 -> 0 | AZ9: 0 | BA9: =MAX(INDIRECT("'"&$B$2&"-事故进程'!Y"&(ROW()+22)),INDIRECT("'"&$B$2&"-事故进程'!Z"&(ROW()+22))) -> 6.3534617e-11 | BB9: =SUM(BA$3,-LN(1-BB$3)/AV9) -> 3.9201666e-05 | BC9: =BC$3/24/3600 -> 1.1574074e+15 | BD9: =EXP(-AV9*($Z9+BA9)) -> 0.61377168 | BE9: =EXP(-AV9*($Z9+BB9)) -> 0.46283539 | BF9: =EXP(-AV9*($Z9+BC9)) -> 0 | BG9: =AW9*BA9+AX9*(BA9-BB9) -> 11944508 | BH9: =(AW9*BB9*BA9/(BA9-BC9)+AX9*BB9)/(BB9-BC9)+AY9 -> 3.4954273e-28 | BI9: =IF(BB9=0,0,BB9/(BB9-BA9)) -> 1.0000016 | BJ9: =AW9*BD9 -> 1.1538908e+17 | BK9: =BA9/(BB9-BA9)*BJ9+(AX9-AW9*BA9/(BB9-BA9))*BE9 -> 4.5989439e+10 | BL9: =BF9*BH9+BI9*(BE9*BG9/(BB9-BC9)-BJ9*BA9/(BA9-BC9)) -> 1.5576733e-09 | BM9: =(AW9+AX9+AY9+AZ9)*EXP(-$Z9*AV9)-BJ9-BK9-BL9 -> 6.7952183e+09 | BN9: =AW9*BA9/($Z9+BA9)*(1-BD9) -> 6.8046744e+10 | BO9: =BI9*(BN9-(1-BE9)*BG9/($Z9+BB9)) -> 8.0813204e+09 | BP9: =BC9*(1-BF9)*BH9/($Z9+BC9)+BC9*BI9*((1-BE9)*BG9/($Z9+BB9)/(BB9-BC9)-BN9/(BA9-BC9)) -> 8.0813204e+09 | BQ9: =BQ$3*3600 -> 21600 | BR9: =BJ9 -> 1.1538908e+17 | BS9: =BK9 -> 4.5989439e+10 | BT9: =BL9 -> 1.5576733e-09 | BU9: =BM9 -> 6.7952183e+09 | BV9: =MAX(INDIRECT("'"&$B$2&"-事故进程'!Z"&(ROW()+22)),INDIRECT("'"&$B$2&"-事故进程'!AA"&(ROW()+22))) -> 1.3842607e-10 | BW9: =SUM(BV$3,-LN(1-BW$3)/BQ9) -> 9.6791067e-06 | BX9: =BX$3/24/3600 -> 1.1574074e+15 | BY9: =EXP(-BQ9*($Z9+BV9)) -> 0.23121704 | BZ9: =EXP(-BQ9*($Z9+BW9)) -> 0.18759608 | CA9: =EXP(-BQ9*($Z9+BX9)) -> 0 | CB9: =BR9*BV9+BS9*(BV9-BW9) -> 15527726 | CC9: =(BR9*BW9*BV9/(BV9-BX9)+BS9*BW9)/(BW9-BX9)+BT9 -> 1.1730752e-09 | CD9: =IF(BW9=0,0,BW9/(BW9-BV9)) -> 1.0000143 | CE9: =BR9*BY9 -> 2.6679921e+16 | CF9: =BV9/(BW9-BV9)*CE9+(BS9-BR9*BV9/(BW9-BV9))*BZ9 -> 8.0613557e+10 | CG9: =CA9*CC9+CD9*(BZ9*CB9/(BW9-BX9)-CE9*BV9/(BV9-BX9)) -> 6.7415088e-10 | CH9: =(BR9+BS9+BT9+BU9)*EXP(-$Z9*BQ9)-CE9-CF9-CG9 -> 1.1364354e+10 | CI9: =BR9*BV9/($Z9+BV9)*(1-BY9) -> 1.8112601e+11 | CJ9: =CD9*(CI9-(1-BZ9)*CB9/($Z9+BW9)) -> 1.8302729e+10 | CK9: =BX9*(1-CA9)*CC9/($Z9+BX9)+BX9*CD9*((1-BZ9)*CB9/($Z9+BW9)/(BW9-BX9)-CI9/(BV9-BX9)) -> 1.8302729e+10 | CL9: =CL$3*3600 -> 57600 | CM9: =CE9 -> 2.6679921e+16 | CN9: =CF9 -> 8.0613557e+10 | CO9: =CG9 -> 6.7415088e-10 | CP9: =CH9 -> 1.1364354e+10 | CQ9: =MAX(INDIRECT("'"&$B$2&"-事故进程'!AA"&(ROW()+22)),INDIRECT("'"&$B$2&"-事故进程'!AB"&(ROW()+22))) -> 2.365948e-10 | CR9: =SUM(CQ$3,-LN(1-CR$3)/CL9) -> 9.9942685e-07 | CS9: =CS$3/24/3600 -> 1.1574074e+15 | CT9: =EXP(-CL9*($Z9+CQ9)) -> 0.020139582 | CU9: =EXP(-CL9*($Z9+CR9)) -> 0.019013205 | CV9: =EXP(-CL9*($Z9+CS9)) -> 0 | CW9: =CM9*CQ9+CN9*(CQ9-CR9) -> 6231782.2 | CX9: =(CM9*CR9*CQ9/(CQ9-CS9)+CN9*CR9)/(CR9-CS9)+CO9 -> 6.0454069e-10 | CY9: =IF(CR9=0,0,CR9/(CR9-CQ9)) -> 1.0002368 | CZ9: =CM9*CT9 -> 537322438769754 | DA9: =CQ9/(CR9-CQ9)*CZ9+(CN9-CM9*CQ9/(CR9-CQ9))*CU9 -> 8.6485435e+09 | DB9: =CV9*CX9+CY9*(CU9*CW9/(CR9-CS9)-CZ9*CQ9/(CQ9-CS9)) -> 7.4680589e-12 | DC9: =(CM9+CN9+CO9+CP9)*EXP(-$Z9*CL9)-CZ9-DA9-DB9 -> 5.2648347e+08 | DD9: =CM9*CQ9/($Z9+CQ9)*(1-CT9) -> 9.1232128e+10 | DE9: =CY9*(DD9-(1-CU9)*CW9/($Z9+CR9)) -> 2.3708466e+09 | DF9: =CS9*(1-CV9)*CX9/($Z9+CS9)+CS9*CY9*((1-CU9)*CW9/($Z9+CR9)/(CR9-CS9)-DD9/(CQ9-CS9)) -> 2.3708466e+09 | DG9: =DG$3*3600 -> 86400 | DH9: =CZ9 -> 537322438769754 | DI9: =DA9 -> 8.6485435e+09 | DJ9: =DB9 -> 7.4680589e-12 | DK9: =DC9 -> 5.2648347e+08 | DL9: =MAX(INDIRECT("'"&$B$2&"-事故进程'!AB"&(ROW()+22)),INDIRECT("'"&$B$2&"-事故进程'!AC"&(ROW()+22))) -> 5.5324121e-10 | DM9: =SUM(DL$3,-LN(1-DM$3)/DG9) -> 1.0781494e-06 | DN9: =DN$3/24/3600 -> 1.1574074e+15 | DO9: =EXP(-DG9*($Z9+DL9)) -> 0.0028580103 | DP9: =EXP(-DG9*($Z9+DM9)) -> 0.0026039288 | DQ9: =EXP(-DG9*($Z9+DN9)) -> 0 | DR9: =DH9*DL9+DI9*(DL9-DM9) -> 287949.28 | DS9: =(DH9*DM9*DL9/(DL9-DN9)+DI9*DM9)/(DM9-DN9)+DJ9 -> -5.882417e-13 | DT9: =IF(DM9=0,0,DM9/(DM9-DL9)) -> 1.0005134 | DU9: =DH9*DO9 -> 1.535673e+12 | DV9: =DL9/(DM9-DL9)*DU9+(DI9-DH9*DL9/(DM9-DL9))*DP9 -> 92611882 | DW9: =DQ9*DS9+DT9*(DP9*DR9/(DM9-DN9)-DU9*DL9/(DL9-DN9)) -> 8.626992e-14 | DX9: =(DH9+DI9+DJ9+DK9)*EXP(-$Z9*DG9)-DU9-DV9-DW9 -> 7018681.9 | DY9: =DH9*DL9/($Z9+DL9)*(1-DO9) -> 4.3721831e+09 | DZ9: =DT9*(DY9-(1-DP9)*DR9/($Z9+DM9)) -> 2.0237523e+08 | EA9: =DN9*(1-DQ9)*DS9/($Z9+DN9)+DN9*DT9*((1-DP9)*DR9/($Z9+DM9)/(DM9-DN9)-DY9/(DL9-DN9)) -> 2.0237523e+08 | EB9: =EB$3*3600 -> 172800 | EC9: =DU9 -> 1.535673e+12 | ED9: =DV9 -> 92611882 | EE9: =DW9 -> 8.626992e-14 | EF9: =DX9 -> 7018681.9 | EG9: =MAX(INDIRECT("'"&$B$2&"-事故进程'!AC"&(ROW()+22)),INDIRECT("'"&$B$2&"-事故进程'!AD"&(ROW()+22)),INDIRECT("'"&$B$2&"-事故进程'!AE"&(ROW()+22))) -> 5.5324121e-10 | EH9: =SUM(EG$3,-LN(1-EH$3)/EB9) -> 5.8161666e-08 | EI9: =EI$3/24/3600 -> 1.1574074e+15 | EJ9: =EXP(-EB9*($Z9+EG9)) -> 8.1682227e-06 | EK9: =EXP(-EB9*($Z9+EH9)) -> 8.0873136e-06 | EL9: =EXP(-EB9*($Z9+EI9)) -> 0 | EM9: =EC9*EG9+ED9*(EG9-EH9) -> 844.2624 | EN9: =(EC9*EH9*EG9/(EG9-EI9)+ED9*EH9)/(EH9-EI9)+EE9 -> 8.1616017e-14 | EO9: =IF(EH9=0,0,EH9/(EH9-EG9)) -> 1.0096035 | EP9: =EC9*EJ9 -> 12543719 | EQ9: =EG9/(EH9-EG9)*EP9+(ED9-EC9*EG9/(EH9-EG9))*EK9 -> 1942.2129 | ER9: =EL9*EN9+EO9*(EK9*EM9/(EH9-EI9)-EP9*EG9/(EG9-EI9)) -> 9.7599461e-20 | ES9: =(EC9+ED9+EE9+EF9)*EXP(-$Z9*EB9)-EP9-EQ9-ER9 -> 70.907434 | ET9: =EC9*EG9/($Z9+EG9)*(1-EJ9) -> 12531457 | EU9: =EO9*(ET9-(1-EK9)*EM9/($Z9+EH9)) -> 90122.565 | EV9: =EI9*(1-EL9)*EN9/($Z9+EI9)+EI9*EO9*((1-EK9)*EM9/($Z9+EH9)/(EH9-EI9)-ET9/(EG9-EI9)) -> 90122.565 | EW9: =EW$3*3600 -> 2246400 | EX9: =EP9 -> 12543719 | EY9: =EQ9 -> 1942.2129 | EZ9: =ER9 -> 9.7599461e-20 | FA9: =ES9 -> 70.907434 | FB9: =INDIRECT("'"&$B$2&"-事故进程'!AE"&(ROW()+22)) -> 2.4766961e-10 | FC9: =SUM(FB$3,-LN(1-FC$3)/EW9) -> 4.4739743e-09 | FD9: =FD$3/24/3600 -> 1.1574074e+15 | FE9: =EXP(-EW9*($Z9+FB9)) -> 7.2103527e-67 | FF9: =EXP(-EW9*($Z9+FC9)) -> 7.1422218e-67 | FG9: =EXP(-EW9*($Z9+FD9)) -> 0 | FH9: =EX9*FB9+EY9*(FB9-FC9) -> 0.0030984897 | FI9: =(EX9*FC9*FB9/(FB9-FD9)+EY9*FC9)/(FC9-FD9)+EZ9 -> 9.009181e-20 | FJ9: =IF(FC9=0,0,FC9/(FC9-FB9)) -> 1.0586019 | FK9: =EX9*FE9 -> 9.0444641e-60 | FL9: =FB9/(FC9-FB9)*FK9+(EY9-EX9*FB9/(FC9-FB9))*FF9 -> 6.3953834e-63 | FM9: =FG9*FI9+FJ9*(FF9*FH9/(FC9-FD9)-FK9*FB9/(FB9-FD9)) -> 2.4721443e-86 | FN9: =(EX9+EY9+EZ9+FA9)*EXP(-$Z9*EW9)-FK9-FL9-FM9 -> 9.0378655e-65 | FO9: =EX9*FB9/($Z9+FB9)*(1-FE9) -> 45.823984 | FP9: =FJ9*(FO9-(1-FF9)*FH9/($Z9+FC9)) -> 0.13118514 | FQ9: =FD9*(1-FG9)*FI9/($Z9+FD9)+FD9*FJ9*((1-FF9)*FH9/($Z9+FC9)/(FC9-FD9)-FO9/(FB9-FD9)) -> 0.13118514 | FR9: =G9 -> Kr-88 | FS9: 57600000000 | FT9: 27800000000 | FU9: 6190000000 | FV9: 92200000 | FW9: 91600000000 | FX9: =H9/FS9 -> 0.76197917 | FY9: =(I9+J9)/FT9 -> 0.94906651 | FZ9: =K9/FU9 -> 0.38301237 | GA9: =L9/FV9 -> 2.1959366 | GB9: =SUM(H9:L9)/FW9 -> 0.79527687 | GC9: =N9/FW9 -> 0.79527687 | GE9: 1.1687589e+10 | GF9: 1.8645568e+09 | GG9: 4.9801885e+08 | GH9: 11239699 | GI9: 134450.94 | GJ9: 0.17393024 | GK9: 1.4061539e+10 | GL9: =H9/GE9 -> 3.7552654 | GM9: =(I9+J9)/GF9 -> 14.150306 | GN9: =K9/GG9 -> 4.7605559 | GO9: =L9/(GH9+GI9) -> 17.800483 | GP9: =M9/GJ9 -> 0.75423999 | GQ9: =N9/GK9 -> 5.1806107 | GR9: =Z9 -> 6.7796086e-05 | GS9: =LN(2)/GR9 -> 10224
